,Company Name,RIC,RIC1(ticker),ISIN
11053,PCCW Ord Shs,0008q.L^J08,0008q,nan
9951,CWHKT Common Stock,0008q.L^H00,0008q,HK0008008044
13383,AmTrust Financial Services Ord Shs,0HFJ.L^L18,0HFJ,nan
4877,Hamburger Hafen und Logistik Ord Shs,0HFJ.L^C09,0HFJ,DE000A0S8488
9834,Carrizo Oil and Gas Ord Shs,0HTX.L^G20,0HTX,US1445771033
4862,Zumtobel Group Ord Shs,0HTX.L^D10,0HTX,AT0000837307
4750,Praxair Ord Shs,0KNT.L^A19,0KNT,US74005P1049
11323,eCard Ord Shs,0KNT.L^K09,0KNT,nan
9764,Progenics Pharmaceuticals Ord Shs,0KOA.L^G20,0KOA,US7431871067
11900,Centrum Nowoczesnych Technologii Ord Shs,0KOA.L^K09,0KOA,nan
4749,Red Hat Ord Shs,0KUI.L^C20,0KUI,US7565771026
12013,Zaklady Urzadzen Kotlowych Staporkow Ord Shs,0KUI.L^K09,0KUI,nan
9512,365 Agile Group Ord Shs,365.L^H17,365,GB00BYY8NN14
4412,365 Media Group Ord Shs,365.L^B07,365,GB0030716616
13131,AAF Investment Ord Shs,AAF.L^L99,AAF,nan
497,Airtel Africa PLC,AAF.L,AAF,GB00BKDRYJ47
12102,Recycled Waste Common Stock,AAM.L^J00,AAM,nan
10428,Artemis VCT PLC,AAM.L^J20,AAM,nan
4385,Supply Me Capital Ord Shs,ABAL.L^B20,ABAL,GB00BFMDJC60
9474,Harvard International Ord Shs,ABAL.L^I93,ABAL,GB0000130756
4377,Absolute Return Trust C Sterling Ord Shs,ABRc.L^C08,ABRc,GG00B29YCK00
10363,Absolute Return Trust C Ord Shs,ABRc.L^K08,ABRc,nan
6546,Absolute Return Trust Ord Shs,ABRc.L^F06,ABRc,GB00B12G3K38
4371,AcenciA Debt Strategies Closed Fund,ACD.L^B19,ACD,GB00B0MSB420
4370,Arcadian International Ord Shs,ACD.L^D98,ACD,GB0009561811
10679,Actif Group Ord Shs,ACT.L^J06,ACT,nan
10853,AB Consulting Common Stock,ACT.L^K93,ACT,nan
11476,Allied Carpets Common Stock,ACT.L^K99,ACT,nan
9456,Advance Visual Ord Shs,ACV.L^G07,ACV,GB0002565355
4357,Active Imaging Ord Shs,ACV.L^C98,ACV,nan
6535,Adaptive Venture Common Stock,ADE.L^E03,ADE,GB0008809906
11426,Adscene Group Common Stock,ADE.L^J99,ADE,nan
10282,ACM Eur Enhanced Ord Shs,AEI.L^J05,AEI,IE0009206362
997,abrdn Equity Income Trust PLC,AEI.L,AEI,GB0006039597
9439,Adeste Invest Ord Shs,AET.L^I06,AET,GB0030899321
1277,Afentra PLC,AET.L,AET,GB00B4X3Q493
9435,Aberdeen FC Ord Shs,AFC.L^H03,AFC,GB0001039097
9434,Advanced Fluid Ord Shs,AFC.L^I06,AFC,GB0030178478
4335,Chiltern Capital Common Stock,AFPA.L^B92,AFPA,GB0000016500
621,African Pioneer PLC,AFPA.L,AFPA,IM00B8C0HK22
9432,Amiad Water Systems Ord Shs,AFS.L^H21,AFS,IL0010943905
6528,Aberdeen Pref Secs Common Stock,AFS.L^E98,AFS,GB0000109354
9428,Amer General Common Stock,AGC.L^H96,AGC,US0263511067
4331,Agcert International Ord Shs,AGC.L^D08,AGC,IE00B0764647
4324,Assura Group REIT Ord Shs,AGRP.L^A15,AGRP,GB0033732602
252,Assura PLC,AGRP.L,AGRP,GB00BVGBWW93
1542,AVI Global Trust PLC,AGT.L,AGT,GB00BLH3CY60
4322,Argonaut Games Ord Shs,AGT.L^C05,AGT,GB0001427086
13506,Aerostruct Hambl Common Stock,AHH.L^L95,AHH,nan
6523,Ashtenne Hldgs Ord Shs,AHH.L^F05,AHH,GB00B01WG395
9414,Anite Ord Shs,AIE.L^H15,AIE,GB00B3KHXB36
462,Ashoka India Equity Investment Trust PLC,AIE.L,AIE,GB00BF50VS41
11018,Alternative Invest Strategies Class C Sterling Hedged Ord Shs,AISc.L^J05,AISc,nan
9409,Alternative Invest Strategies Red Ord Shs,AISc.L^H01,AISc,GB0030758675
6518,Alternative Invest.Strategies Ord Shs,AISc.L^F06,AISc,GB00B13HDM76
4297,Alterian Ord Shs,ALN.L^A12,ALN,GB0009221044
11287,Fortress Hldgs Common Stock,ALN.L^K99,ALN,nan
9391,American Investment Trust Ord Shs,AMI.L^G05,AMI,GB0009772905
12452,Amber Industrial Common Stock,AMI.L^J98,AMI,nan
13073,Galleon Holdings Ord Shs,AND.L^L01,AND,nan
6500,Geojunxion Ord Shs,AND.L^E98,AND,NL0000430106
601,ActiveOps PLC,AOM.L,AOM,GB00BLH37Y17
4260,Alpha Omikron Common Stock,AOM.L^D97,AOM,BMG0688S1008
4254,Api Group Ord Shs,APIA.L^C15,APIA,GB00BVL7ZV22
1444,abrdn Property Income Trust Ltd,APIA.L,APIA,GB0033875286
13470,AVANTI PARTNERS Common Stock,APN.L^L01,APN,nan
12831,Appian Tech Ord Shs,APN.L^L08,APN,nan
4252,Allied Ptnrsp Common Stock,APNT.L^A92,APNT,GB0000206333
9368,All Points North Ord Shs,APNT.L^I12,APNT,GB00B1J3F018
12555,Albermarle Prop Common Stock,APP.L^K99,APP,nan
6498,African Platinum Ord Shs,APP.L^E07,APP,GB0031664823
13007,Alpha Strategic Ord Shs,APS.L^L13,APS,nan
9365,American Port Services Ord Shs,APS.L^I98,APS,GB0000906924
10336,Archipelago Resources Ord Shs,AR.L^K13,AR,GB0033551721
4244,ASARCO Inc Common Stock,AR.L^D97,AR,US0434131035
4243,Aram Resources Common Stock,ARA.L^A01,ARA,GB0001514701
728,Aura Renewable Acquisitions PLC,ARA.L,ARA,GB00BKPH9N11
11449,Ardana Ord Shs,ARA.L^J14,ARA,nan
9359,Atlantic Rich Common Stock,ARC.L^H96,ARC,US0488251036
1632,Arcontech Group PLC,ARC.L,ARC,GB00BDBBJZ03
4233,South Wharf Ord Shs,ARG.L^A02,ARG,IE0004667873
9355,Argos Ord Shs,ARG.L^H98,ARG,GB0000486794
6491,Arlington Group Ord Shs,ARL.L^E08,ARL,BMG0536L1090
10538,Archial Group Ord Shs,ARL.L^J10,ARL,nan
4231,Armour Group Ord Shs,ARMA.L^B15,ARMA,GB00BTYZXD73
9350,Asia Resource Minerals Ord Shs,ARMA.L^G15,ARMA,GB00BXC7WN61
6488,Ashcourt Rowan Ord Shs,ARPR.L^E15,ARPR,GB00B6540P35
4227,Ampolex Ltd Common Stock,ARPR.L^A03,ARPR,nan
4225,Artisan (UK) Ord Shs,ART.L^B12,ART,GB00B1L63P90
624,Artisanal Spirits Company PLC,ART.L,ART,GB00BNXM3P96
4219,ASA Ltd Common Stock,ASA.L^D97,ASA,nan
10301,Asa Resource Group Ord Shs,ASA.L^K17,ASA,GB00B0GN3470
4216,Ashland Ord Shs,ASHq.L^A00,ASHq,US0441861046
9344,Ashton Mining Common Stock,ASHq.L^G94,ASHq,nan
6482,ANGLO SIBERIAN Common Stock,ASO.L^F03,ASO,GB0002903069
6483,Avesco Ord Shs,ASO.L^E07,ASO,GB0034070515
4212,Avanta Serviced Office Group Ord Shs,ASOA.L^A15,ASOA,GB00BSS7DZ41
4211,Avesoro Resources Ord Shs,ASOA.L^A20,ASOA,CA05366A3029
4209,Ascribe Ord Shs,ASP.L^B09,ASP,GB00B04WW503
9342,Aspen Group PLC Common Stock,ASP.L^G99,ASP,GB0000539410
593,Auction Technology Group PLC,ATG.L,ATG,GB00BMVQDZ64
6477,Armitage Bros Common Stock,ATG.L^E03,ATG,GB0000498104
9327,Moneybox Common Stock,ATM.L^I05,ATM,GB0034260231
400,Andrada Mining Ltd,ATM.L,ATM,GG00BD95V148
9326,Moneybox Ordinary Shares,ATMA.L^I05,ATMA,GB00B0DKTV01
10244,Atlas Mara Ord Shs,ATMA.L^K21,ATMA,VGG0697K1066
746,Aterian PLC,ATN.L,ATN,GB00BKS7ZV87
6474,Attentiv Sys Grp Common Stock,ATN.L^F05,ATN,GB0034272863
11384,Atlantic Telecom Common Stock,ATN.L^J01,ATN,nan
6472,ARTEMIS A RFD,ATSr.L^F04,ATSr,GB0033846931
9322,Artemis Alpha Ordinary Shares,ATSr.L^G05,ATSr,GB00B06W4749
4196,Altek Power Corp Common Stock,ATU.L^D97,ATU,nan
6470,Airbath Group Common Stock,ATU.L^F05,ATU,GB0030645864
4189,Aurora Russia Ord Shs,AURR.L^C16,AURR,GB00B0Z52Y71
739,Aurrigo International PLC,AURR.L,AURR,GB00BNG73286
9311,Adv Value Real Common Stock,AVR.L^I03,AVR,GB0009282095
10258,Avarae Global Coins Ord Shs,AVR.L^J16,AVR,GB00B137SQ61
12731,AWG Ord Shs,AWG.L^L06,AWG,nan
9307,Appleby Westward Common Stock,AWG.L^I97,AWG,GB0000463165
9306,AWG Common Stock,AWGr.L^I01,AWGr,GB0030723521
11288,AWG RED SHS RFD,AWGr.L^J03,AWGr,nan
4180,AWG RFD,AWGr.L^C04,AWGr,GB0033970442
4171,Aztec Resources Ord Shs,AZRq.L^A07,AZRq,AU000000AZR4
11559,Aztar Corp Ord Shs,AZRq.L^K97,AZRq,nan
9287,Bluecrest Allblue USD Fund Ord Shs,BABScu.L^I08,BABScu,GG00B2RJ9R34
9288,BlueCrest AllBlue C $ Closed Fund Ord Shs,BABScu.L^H10,BABScu,GG00B3R7T744
847,British American Tobacco PLC,BATS.L,BATS,GB0002875804
9274,Brit Am Tobacco Common Stock,BATS.L^I98,BATS,GB0000681162
245,Bigblu Broadband PLC,BBB.L,BBB,GB00BD5JMP10
11034,Berkeley Berry Birch Ord Shs,BBB.L^J14,BBB,nan
6457,Barbour Index Common Stock,BBR.L^F99,BBR,GB0000776400
4156,Blooms of Bress Ord Shs,BBR.L^D07,BBR,GB0009428896
11256,Bucknall Austin Ord Shs,BCA.L^K98,BCA,nan
10013,Bca Marketplace Ord Shs,BCA.L^K19,BCA,GB00BP0S1D85
11624,Banner Chemicals Common Stock,BCL.L^J99,BCL,nan
4148,Bruntcliffe Aggr Common Stock,BCL.L^B98,BCL,GB0001494532
11479,BC Income and Growth Fund LTD Common Stock,BCN.L^J02,BCN,nan
13292,Beacon Investment Trust PLC Common Stock,BCN.L^L99,BCN,nan
11777,Baronsmead VCT Common Stock,BDVc.L^J04,BDVc,nan
4136,Baronsmead VCT Ord Shs,BDVc.L^D07,BDVc,GB00B067N387
6451,Brazilian Dia Ordinary Shares,BDYxq.L^F05,BDYxq,CA1058742000
4134,Brazilian Dia Common Stock,BDYxq.L^D04,BDYxq,CAC118451011
9244,Bell Group Ord Shs,BEL.L^G04,BEL,GB0006125578
9243,Bellwinch PLC Common Stock,BEL.L^I98,BEL,GB0000905959
9236,BSoft Ord Shs,BFB.L^I03,BFB,GB0005631055
9235,Break For The Border Ord Shs,BFB.L^I99,BFB,GB0001212132
10292,Biogen Ord Shs,BGENq.L^K07,BGENq,US09062X1037
12523,Biogen Inc Common Stock,BGENq.L^K03,BGENq,nan
1213,Bango PLC,BGO.L,BGO,GB00B0BRN552
11483,Signature Restnt Common Stock,BGO.L^K01,BGO,nan
4115,Britton Group Common Stock,BGP.L^C98,BGP,GB0001427318
9214,Bioglan Pharma Ord Shs,BGP.L^H02,BGP,GB0004342670
11947,Belhaven Group Cash Ord Shs,BHGA.L^J05,BHGA,nan
13662,BHP Gold Mines Common Stock,BHGA.L^L90,BHGA,nan
4108,Brands Hatch Common Stock,BHL.L^B00,BHL,GB0001201242
643,Bradda Head Lithium Limited,BHL.L,BHL,VGG154091083
4101,Biota Holdings Ord Shs,BIO.L^D97,BIO,AU000000BTA1
10575,Biofocus Common Stock,BIO.L^K05,BIO,nan
9188,Bella Media Ord Shs,BLLA.L^G09,BLLA,GB00B29VLD71
9187,Bell Group Common Stock,BLLA.L^H90,BLLA,AU000000BLL5
9186,Baltimore Capital Ord shs,BLM.L^H06,BLM,GB00B0WMQ271
4080,Bltchley Motor Common Stock,BLM.L^C95,BLM,GB0001043008
4075,Battle Mtn Gold Common Stock,BMGq.L^A00,BMGq,US0715931079
6439,BDI Mining Ord Shs,BMGq.L^F07,BMGq,VGG0905F1053
12989,Bramlin Ord Shs,BML.L^L08,BML,nan
9173,Host Europe Common Stock,BML.L^I99,BML,GB0007389256
4069,Burtonwood Common Stock,BND.L^B05,BND,GB0001567097
12207,Bandt PLC Common Stock,BND.L^K99,BND,nan
9162,Fastrack Group Common Stock,BNT.L^I95,BNT,GB0001762573
9163,Basepoint Ord Shs,BNT.L^H06,BNT,GB0007381295
4059,BOC Group Assd Cash Ord Shs,BOCA.L^B07,BOCA,GB00B10QTS58
9157,Boundary Capital Ord Shs,BOCA.L^I10,BOCA,IE00B1W7FK04
9155,Booker PLC Common Stock,BOK.L^H00,BOK,GB0001105237
4052,Booker Group Ord Shs,BOK.L^C18,BOK,GB00B01TND91
305,Hollywood Bowl Group PLC,BOWL.L,BOWL,GB00BD0NVK62
6435,DEAN & BOWES STK,BOWL.L^F92,BOWL,GB0002601838
1399,BP PLC,BP.L,BP,GB0007980591
4041,BP Ord Shs,BP.L^A99,BP,GB0007980591
13770,Brake Brothers Common Stock,BRK.L^L02,BRK,nan
1011,Brooks Macdonald Group PLC,BRK.L,BRK,GB00B067N833
10842,Brightstone Prop Common Stock,BRP.L^J96,BRP,nan
6429,Black Raven Ord Shs,BRP.L^E09,BRP,GB00B05Q5S56
10387,Braemore Res Ord Shs,BRR.L^K09,BRR,nan
12557,Barrasford Hlgds Common Stock,BRR.L^J98,BRR,nan
4011,BMSS PLC Common Stock,BSS.L^A96,BSS,GB0000691641
4012,BETonSPORTS Ord Shs,BSS.L^A07,BSS,GB00B01CDB60
9124,BTG Ord Shs,BTG.L^H19,BTG,GB0001001592
12313,Brit Glb Income Common Stock,BTG.L^K05,BTG,nan
12453,Brooke Indu Common Stock,BTG.L^K96,BTG,nan
10216,Betex Group Ord Shs,BTX.L^J07,BTX,GB00B0967T61
11154,Britax International Ord Shs,BTX.L^J01,BTX,nan
9103,Bridgewell Group Ord Shs,BWL.L^H07,BWL,GB00B1661Y95
11360,Brent Walker Common Stock,BWL.L^J97,BWL,nan
3983,Beazer Group Common Stock,BZR.L^D01,BZR,GB0000921048
3982,BEAZER STK,BZR.L^D92,BZR,GB0000872852
3977,Camellia Investments Ord Shs,CAML.L^A03,CAML,GB0001667087
15,Central Asia Metals PLC,CAML.L,CAML,GB00B67KBV28
6400,Zyzygy Ord Shs,CAN.L^E02,CAN,GB0009585182
12896,Central African Gold Ord Shs,CAN.L^L10,CAN,nan
3972,Big River Gold Ord Shs,CAS.L^C19,CAS,AU0000052060
6398,Collective Asset Common Stock,CAS.L^F05,CAS,GB0004441928
11242,Cambridge Isotop Common Stock,CBI.L^J95,CBI,nan
9076,China Biodiesel International Holding Ord Shs,CBI.L^G10,CBI,VGG211791097
465,Cake Box Holdings PLC,CBOX.L,CBOX,GB00BDZWB751
6393,Cashbox Ord Shs,CBOX.L^E11,CBOX,GB00B0ZL4V64
6392,C&B Publishing Common Stock,CBP.L^F01,CBP,GB0001592582
239,Curtis Banks Group PLC,CBP.L,CBP,GB00BW0D4R71
589,Cellular Goods PLC,CBX.L,CBX,GB00BK964W87
3952,Cubus Lux Ord Shs,CBX.L^D12,CBX,GB00B3BPBV21
9069,Circle Communic Common Stock,CCC.L^H97,CCC,GB0002068970
1060,Computacenter PLC,CCC.L,CCC,GB00BV9FP302
3950,CRC Group Ord Shs,CCG.L^B07,CCG,GB0001820942
9066,Parity Group Ord Shs,CCG.L^G94,CCG,GB00B1235860
3949,CRC Group-Assentedline Fonebak Ord Shs,CCGA.L^B07,CCGA,GB00B1L7K064
9065,Claimar Care Group Assd Ord Shs,CCGA.L^I09,CCGA,GB00B40KJ772
104,Coca Cola HBC AG,CCH.L,CCH,CH0198251305
9064,Celltech Group Common Stock,CCH.L^H04,CCH,GB0001822765
10647,CCH International Ord Shs,CCH.L^J07,CCH,nan
3948,Country Casuals Common Stock,CCH.L^C98,CCH,GB0002273935
3942,Sheffield United Ord Shs,CCL.L^A96,CCL,GB0002181484
777,Carnival PLC,CCL.L,CCL,GB0031215220
12536,Cooper Clarke Common Stock,CCP.L^K93,CCP,nan
923,Celtic PLC,CCP.L,CCP,GB0004339189
13084,Cardcast PLC Common Stock,CCT.L^L96,CCT,nan
1661,Character Group PLC,CCT.L,CCT,GB0008976119
11950,Castle Coms Common Stock,CCT.L^J94,CCT,nan
3936,Cadbury Assd A Ord Shs,CDBA.L^B10,CDBA,GB00B56HJB30
3935,C D BRAM ASSD CSH,CDBA.L^C04,CDBA,GB0034207240
3934,Cadbury Assd B Ord Shs,CDBB.L^B10,CDBB,GB00B56HJP75
3933,C D BRAM ASSD STK,CDBB.L^C04,CDBB,GB0034207356
9056,Caledon Resources Ord Shs,CDN.L^H11,CDN,GB00B1GJZT14
12104,Calderburn PLC Common Stock,CDN.L^J99,CDN,nan
12329,Caldwell Invs Common Stock,CDWn.L^J99,CDWn,nan
9052,Caldwell Invs Ordinary Shares,CDWn.L^G05,CDWn,GB00B0C05K23
9049,Crown Eyeglass Common Stock,CEG.L^H00,CEG,GB0002377124
1299,Challenger Energy Group PLC,CEG.L,CEG,IM00BN2RD444
3917,Coastal Energy Ord Shs,CEO.L^A14,CEO,KYG224041189
9047,Creos Intl Common Stock,CEO.L^I99,CEO,GB0002353745
287,Cerillion PLC,CER.L,CER,GB00BYYX6C66
3916,Celtic Resources Ord Shs,CER.L^A08,CER,IE0031880887
3904,Country Gardens Common Stock,CGA.L^B01,CGA,GB0002288131
3903,China Gateway International Ord Shs,CGA.L^D12,CGA,GB00B1P70L34
6374,Catlin Group Ord Shs,CGL.L^E15,CGL,BMG196F11004
674,Castelnau Group Ltd,CGL.L,CGL,GG00BMWWJM28
9039,Car Group Ord Shs,CGO.L^H99,CGO,GB0001751139
401,Contango Holdings PLC,CGO.L,CGO,GB00BF0F5X78
6370,Clubhaus PLC Common Stock,CHA.L^F04,CHA,GB0002045127
10446,Concha Ord Shs,CHA.L^J18,CHA,nan
3895,Church & Co PLC Common Stock,CHCH.L^A00,CHCH,GB0001960060
1154,Churchill China PLC,CHCH.L,CHCH,GB0001961035
6368,Charalambides Ord Shs,CHD.L^F07,CHD,CY0009670817
6367,Chemical Design Common Stock,CHD.L^F98,CHD,GB0001950582
3893,Virtual Internet Common Stock,CHI.L^A99,CHI,GB0004442330
9031,Clayhithe PLC Common Stock,CHI.L^H98,CHI,GB0002020112
1386,CT UK High Income Trust PLC,CHI.L,CHI,GB00B1N4G299
9030,Close High Prop Ord Shs,CHIe.L^G06,CHIe,GB00B0W1V302
13703,Close High Inc Properties D Ord Shs,CHIe.L^L06,CHIe,nan
3892,Close High Prop Common Stock,CHIec.L^D04,CHIec,GB00B00LSQ41
9029,Close High Prop 'C' Shs,CHIec.L^G04,CHIec,GB00B01C5323
235,Chill Brands Group PLC,CHLL.L,CHLL,GB00BWC4X262
3887,Charterhall PLC Ordinary,CHLL.L^A03,CHLL,nan
6364,Churchill Mining Ord Shs,CHLL.L^F17,CHLL,GB00B1318J18
13285,Chilton Radio Common Stock,CHN.L^L95,CHN,nan
10542,Chian Resources Ord Shs,CHN.L^J06,CHN,nan
3879,Constellation Healthcare Technologies Ord Shs,CHT.L^A17,CHT,USU210051004
3878,Company Health Ord Shs,CHT.L^C10,CHT,GB00B06Y3848
6361,Chaucer Holdings Common Stock,CHUr.L^F01,CHUr,GB0030271364
6360,CHAUCER HOLDINGS STK R,CHUr.L^F03,CHUr,GB0032800038
9016,CI Group PLC Common Stock,CIG.L^I95,CIG,GB0002223096
3869,Chartwell Int UK Common Stock,CIG.L^D98,CIG,GB0001923720
3870,Critical Information Group Ord Shs,CIG.L^C11,CIG,GB00B4XB3Y29
3857,Claims Direct Common Stock,CLA.L^C04,CLA,GB0009212647
10310,Cordillera Res Ord Shs,CLA.L^J06,CLA,GB00B0562405
9008,Cullens Holdings Common Stock,CLH.L^I97,CLH,GB0009431056
6338,Carlisle Hldgs Common Stock,CLH.L^F99,CLH,GB0004326368
3850,Cassell PLC Common Stock,CLL.L^C99,CLL,GB0001794501
9005,Cello Health Ord Shs,CLL.L^H20,CLL,GB00B0310763
9002,Calyx Group Ord Shs,CLXq.L^G07,CLXq,IE00B068Y056
3843,Clorox Ord Shs,CLXq.L^A00,CLXq,US1890541097
10785,Caplay Ord Shs,CLY.L^J09,CLY,nan
3842,Clydeport Common Stock,CLY.L^B03,CLY,GB0002051737
12076,Avanti Capital Ord Shs,CMB.L^K99,CMB,nan
9001,JPMorgan Chase Ord Shs,CMB.L^H96,CMB,US46625H1005
3841,Carnaud Metalbox Common Stock,CMB.L^A96,CMB,FR0000121865
13154,CMG Common Stock,CMG.L^L02,CMG,nan
13750,Carrs Group Ord Shs,CMG.L^L95,CMG,nan
10807,Champion Ord Shs,CMP.L^K09,CMP,nan
8994,Compco Ord Shs,CMP.L^H03,CMP,GB0002148012
12807,Communisis Ord Shs,CMS.L^L18,CMS,nan
8991,CAMAS PLC Common Stock,CMS.L^G97,CMS,GB0001656197
10555,Camelot Capital Ord Shs,CMT.L^J06,CMT,nan
8989,Central Motor Common Stock,CMT.L^G96,CMT,nan
8983,Capricorn Energy Ord Shs,CNEL.L^I93,CNEL,GB00BQ98V038
8984,China New Energy Ord Shs,CNEL.L^G20,CNEL,JE00B3RWLF12
11951,Continental Food Common Stock,CNF.L^J96,CNF,nan
6328,Channelfly Common Stock,CNF.L^E03,CNF,GB0009239145
8978,Coal International Ord Shs,COAL.L^H08,COAL,GB00B06YVB34
3821,Coalite Group PLC Ord Shs,COAL.L^A03,COAL,nan
8973,Columbus Group Common Stock,COL.L^H00,COL,GB0001769909
13596,Coal Investments Common Stock,COL.L^L95,COL,nan
10677,Comland Coml Ord Shs,COML.L^J07,COML,nan
3813,Command Petr Common Stock,COML.L^C02,COML,nan
13472,Provalis Ord Shs,COR.L^L97,COR,nan
6327,Chorion Ord Shs,COR.L^E06,COR,GB0033554287
8970,Concateno Ord Shs,COT.L^H09,COT,GB00B06LBN62
12886,Capital Opp Stk Common Stock,COT.L^L03,COT,nan
3807,Crest Packaging Common Stock,CPC.L^C99,CPC,GB0002347358
408,City Pub Group PLC,CPC.L,CPC,GB00BYWRS683
8961,Compass Group Ord Shs,CPG.L^G00,CPG,GB00BD6K4575
3806,Resources in Insurance Group Ord Shs,CPG.L^A01,CPG,GB0006158686
1409,Compass Group PLC,CPG.L,CPG,GB00BD6K4575
6321,Circle Property Ord Shs,CRC.L^F23,CRC,JE00BYP0CK63
3789,Copper Resources Ord Shs,CRC.L^C09,CRC,VGG2421F1062
8957,Caracal Energy Ord Shs,CRCL.L^G14,CRCL,CA1407561077
1569,Corcel PLC,CRCL.L,CRCL,GB00BKM69866
6320,China Real Estate Opportunitiesortunities Ord Shs,CREO.L^F10,CREO,JE00B1P8F991
3788,China Real Est Ord Shs,CREO.L^C07,CREO,LU0238421142
327,Creo Medical Group PLC,CREO.L,CREO,GB00BZ1BLL44
11268,Cramphorn PLC Common Stock,CRHL.L^K91,CRHL,nan
10753,Creat Resources Holdings Ord Shs,CRHL.L^J14,CRHL,nan
11395,Creative Publish Common Stock,CRV.L^K98,CRV,nan
1636,Craven House Capital PLC,CRV.L,CRV,GB00BD4FQ360
1548,Craneware PLC,CRW.L,CRW,GB00B2425G68
3779,Chester Water Common Stock,CRW.L^C97,CRW,GB0001916039
6310,Clearspeed Tech Ord Shs,CSD.L^F09,CSD,GB00B01TNC84
3774,Charles Sidney Common Stock,CSD.L^C98,CSD,GB0001883155
3773,City Site Common Stock,CSE.L^B99,CSE,GB0002000262
6309,Close FTSE 100 Trust Cap Ord Shs,CSE.L^F05,CSE,GB0007382483
13053,Compass Software Common Stock,CSG.L^L03,CSG,nan
13456,Castings Ord Shs,CSG.L^L96,CSG,nan
13575,COMPASS SOFTWARE ASS STK,CSGA.L^L03,CSGA,nan
8944,Sweett Group Ord Shs Assd,CSGA.L^H16,CSGA,GB00BD20C915
12427,Cresco Intl Common Stock,CSI.L^K02,CSI,nan
13134,Saltire PLC Common Stock,CSI.L^L94,CSI,nan
703,CT Automotive Group PLC,CTA.L,CTA,GB00BMHYGR77
12108,Cater Allen Common Stock,CTA.L^K97,CTA,nan
8935,Tangent Communications Ord Shs,CTL.L^H02,CTL,GB0005405849
717,CleanTech Lithium plc,CTL.L,CTL,JE00BPCP3Z37
3751,Charles Taylor Ord Shs,CTR.L^A20,CTR,GB0001883718
11905,Celtic Resources Common Stock,CTR.L^J96,CTR,nan
6304,Coutts Consulting Ord Shs,CTS.L^F99,CTS,GB0002424710
8929,Corp Syngy Hldgs Common Stock,CTS.L^H02,CTS,GB0030314727
1063,City of London Investment Trust PLC,CTY.L,CTY,GB0001990497
6301,Critchley Group Common Stock,CTY.L^F00,CTY,GB0002347689
3738,Countrywide-Assentedline Rightmove Sale Election Ord Shs,CWDA.L^B07,CWDA,GB00B1L6Q501
3737,Countrywide Ord Shs Assd,CWDA.L^C21,CWDA,GB00BKY6BP58
8913,Cable and Wireless Worldwide Ord Shs,CWP.L^G12,CWP,GB00B5WB0X89
3734,Crown Products Common Stock,CWP.L^D98,CWP,GB0002375300
8912,Cable and Wireless Communications Ord Shs,CWP.L^G93,CWP,GB00B5KKT968
3721,Dexion Absolute NPV Ord Shs,DABc.L^B08,DABc,GG00B284Y166
3722,Dexion Absolute Usd Voting Ord Shs,DABc.L^B06,DABc,GB00B0M84W13
8906,Dexion Absolute Common Stock,DABc.L^H04,DABc,GB00B012TH46
13504,S Daniels PLC Common Stock,DAN.L^L02,DAN,nan
3715,Daniel Stewart Securities Ord Shs,DAN.L^A16,DAN,GB0004602842
10317,Datacash Group Ord Shs,DATA.L^J10,DATA,GB0030440613
1655,GlobalData PLC,DATA.L,DATA,GB00B87ZTG26
10417,Dataflex Common Stock,DFX.L^K03,DFX,nan
3689,Defenx Ord Shs,DFX.L^A20,DFX,GB00BYNF4J61
8887,Disperse Group Ord Shs,DGP.L^G07,DGP,GB0001786069
6266,Darby Group Common Stock,DGP.L^E03,DGP,GB0002643780
10513,Diverse Income Trust Cls C Ord Shs,DIVIc.L^J14,DIVIc,nan
10514,Diverse Income Trust (The) Ord Shs,DIVIc.L^J12,DIVIc,nan
8869,Dimension Res Ord Shs,DMR.L^G09,DMR,BMG276151062
6259,De Morgan Common Stock,DMR.L^E95,DMR,GB0002493640
618,Dianomi PLC,DNM.L,DNM,GB00BLH32M40
13569,Lumination Common Stock,DNM.L^L99,DNM,nan
8861,Dominion Mining Ord Shs,DOM.L^G94,DOM,AU000000DOM3
1602,Domino's Pizza Group PLC,DOM.L,DOM,GB00BYN59130
8860,Sayona Mining Ord Shs,DON.L^H09,DON,AU000000SYA5
3655,Donatantonio Common Stock,DON.L^B04,DON,GB0002762093
8842,Development Securities Ord Shs,DSCr.L^H10,DSCr,GB00B40YYX09
10332,Development Securities RFD Ord Shs,DSCr.L^J09,DSCr,GB00B61GM796
12545,Dexion Trading C Ord Shs,DTLc.L^K07,DTLc,nan
3630,Dexion Trading C GBP Ord Shs,DTLc.L^D08,DTLc,GG00B2PXW123
6249,Dentmaster Hldgs Common Stock,DTM.L^F99,DTM,GB0002637063
8839,Datamonitor Ord Shs,DTM.L^H07,DTM,GB0009757112
3629,DRX Inc Common Stock,DTR.L^B92,DTR,nan
12225,Datrontech Common Stock,DTR.L^K01,DTR,nan
6248,Dignity Ord Shs,DTY.L^E23,DTY,GB00BRB37M78
11554,Donelon Tyson Common Stock,DTY.L^J95,DTY,nan
8831,De Vere Group Assd Cash Ord Shs,DVRA.L^I06,DVRA,GB00B17PDS35
13351,De Vere Common Stock,DVRA.L^L04,DVRA,nan
3608,Equatorial Biofuels Ord Shs,EBF.L^B07,EBF,GB00B0R2RS53
8817,Elbief Common Stock,EBF.L^H02,EBF,GB0003076600
12809,East Balkan Properties Ord Shs,EBP.L^L12,EBP,nan
10337,Edinburgh Pacific and Income Trust PLC Common Stock,EBP.L^K03,EBP,GB0006157613
10700,Econergy International Ord Shs,ECG.L^K08,ECG,nan
6236,Podia Group Common Stock,ECG.L^F01,ECG,GB0004985080
12730,Eurocastle Investments Ltd,ECT.L^L05,ECT,nan
13471,ECU Trust PLC Common Stock,ECT.L^L96,ECT,nan
3599,Enterprise Capital Trust PLC Common Stock,ECT.L^D03,ECT,GB0004574025
3593,Edge Resources Ord Shs,EDG.L^D16,EDG,CA27986R1010
8804,Edin Oil & Gas Common Stock,EDG.L^G05,EDG,GB0003054599
6234,Auto Indemnity Common Stock,EEG.L^F95,EEG,GB0003140133
3587,Elevation Events Ord Shs,EEG.L^A07,EEG,GB00B01DS929
3586,Eastern Group Common Stock,EEL.L^A96,EEL,GB0003013389
3585,Equator Exploration Ord Shs,EEL.L^C09,EEL,VGG3084F1282
8795,Electrical Geodesics Ord Shs,EGI.L^G17,EGI,US28501X2018
11189,East German Investment Trust PLC Common Stock,EGI.L^K01,EGI,nan
315,Ecofin Global Utilities and Infrastructure Trust PLC,EGL.L,EGL,GB00BD3V4641
11557,Eagles PLC Common Stock,EGL.L^K99,EGL,nan
8794,Energis Common Stock,EGS.L^I02,EGS,GB0008897828
10405,eg solutions Ord Shs,EGS.L^K17,EGS,nan
3566,Elixir Energy Ord Shs,ELP.L^C09,ELP,AU000000EXR1
8785,Euroland Plus Smaller Co's PLC Common Stock,ELP.L^I99,ELP,GB0007909814
3565,El Oro and Expl Ord Shs,ELX.L^C09,ELX,GB0003265021
8781,EL Oro Closed Fund,ELX.L^G19,ELX,GG00B77Q7194
3558,Emperor Mines Ord Shs,EMP.L^D97,EMP,nan
12833,Empire Inter Ord Shs,EMP.L^L06,EMP,nan
3549,Enova Systems RegS Ord Shs,ENVx.L^A15,ENVx,USU292791113
8762,Enova Systems Ord Shs,ENVx.L^G07,ENVx,USU292791030
3544,European Monthly Income Trust Ord Shs,EPM.L^C06,EPM,GB0003673299
13417,Epic Group Common Stock,EPM.L^L98,EPM,nan
6209,Earthport Ord Shs,EPO.L^F19,EPO,GB00B0DFPF10
8753,XCL Ord Shs,EPO.L^G94,EPO,US9837011033
8744,Exeter Smaller Companies Income Fund Ord Shs,ESC.L^H05,ESC,GB0009695544
6208,European Smaller Companies PLC Common Stock,ESC.L^F99,ESC,GB0003149498
8741,Esporta Common Stock,ESP.L^I02,ESP,GB0009220186
181,Empiric Student Property PLC,ESP.L,ESP,GB00BLWDVR75
11257,ESV Ord Shs,ESVq.L^J06,ESVq,nan
3525,Euronet Worldwide Ord Shs,ESVq.L^D99,ESVq,US2987361092
12760,Evolution Group Ord Shs,EVG.L^L11,EVG,nan
215,Evgen Pharma PLC,EVG.L,EVG,GB00BSVYN304
8711,Essex Furniture Common Stock,EXF.L^G99,EXF,GB0003200549
13049,Exeter Equity Gwth Ord Shs,EXF.L^L06,EXF,nan
13059,Exillon Energy Ord Shs,EXIL.L^L20,EXIL,nan
8709,Expamet Common Stock,EXIL.L^I93,EXIL,GB0003260071
8708,MWB Group Holdings Ord Shs,EXL.L^G97,EXL,GB00B2PF7L39
12718,Exel Ord Shs,EXL.L^L05,EXL,nan
3503,Falcon Asset Ord Shs When Issued,FAB.L^D06,FAB,GB00B116QV61
3502,Fabian Romania Ord Shs,FAB.L^D09,FAB,JE00B1G3K654
415,Fusion Antibodies PLC,FAB.L,FAB,GB00BDQZGK16
3499,FAI Insurances Common Stock,FAI.L^B95,FAI,AU000000FAI5
3500,JPMorgan Asia Growth & Income Plc,FAI.L^B02,FAI,GB0001320778
3474,Fairfield Ent Common Stock,FFD.L^C00,FFD,GB0000607704
8677,Arena Leisure Ord Shs,FFD.L^G97,FFD,GB0000219260
13018,Fairground Ord Shs,FGH.L^L06,FGH,nan
12472,Queensborough Common Stock,FGH.L^K94,FGH,nan
13505,JPMF Managed Inc Common Stock,FGI.L^L02,FGI,nan
12122,JPMorgan Fleming Technology Trust PLC Common Stock,FGI.L^J00,FGI,nan
6177,Fitch-RS PLC Common Stock,FIH.L^F99,FIH,GB0003414645
1337,FIH Group PLC,FIH.L,FIH,GB00BD0CWJ91
3458,Fusion Ip Ord Shs,FIP.L^C14,FIP,GB00B05L5X50
13190,Panmure Gordon and Company Ord Shs,FIP.L^L97,FIP,nan
6172,Flightstore Group Ord Shs,FLG.L^F07,FLG,GB0033884353
6173,Finelist Group Common Stock,FLG.L^F00,FLG,GB0003343125
3449,Friends Life Group Ord Shs,FLG.L^D15,FLG,GG00B62W2327
3444,Flexpoint Sensor Systems Ord Shs,FLXT.L^D01,FLXT,US33938W2061
6169,Flextech Common Stock,FLXT.L^E00,FLXT,GB0003432332
13295,JPMorgan Elect Managed Growth Ord Shs,FMG.L^L02,FMG,nan
8644,Storedale PLC Common Stock,FMG.L^H97,FMG,GB0003477741
3436,Finders Resources Ord Shs,FND.L^A11,FND,AU000000FND9
3435,Fine Decor PLC Common Stock,FND.L^A96,FND,GB0003372702
3413,CT UK Capital And Income Ord Shs,FPP.L^A03,FPP,GB0003463287
314,Fragrant Prosperity Holdings Ltd,FPP.L,FPP,VGG368811037
3412,Freeserve Common Stock,FRE.L^C01,FRE,GB0004767421
3411,Freeman Group Ord Shs,FRE.L^D94,FRE,GB0003519138
11982,Cobham Ord Shs,FRG.L^K94,FRG,nan
675,Firering Strategic Minerals Plc,FRG.L,FRG,CY0109692117
542,FRP Advisory Group PLC,FRP.L,FRP,GB00BL9BW044
8629,French Property Trust PLC Common Stock,FRP.L^G01,FRP,GB0003524666
3404,Frontera Resources Ord Shs,FRR.L^A19,FRR,KYG368131069
11402,Base Group Ord Shs,FRR.L^K00,FRR,nan
659,Foresight Sustainable Forestry Company PLC,FSF.L,FSF,GB00BMDPKM71
6156,Family Shari'ah Fund Ord Shs,FSF.L^E12,FSF,KYG7768P1046
3392,FishWorks Ord Shs,FSH.L^B09,FSH,GB0009588533
8624,Albert Fisher Ord Shs,FSH.L^G02,FSH,GB0003396073
8620,Fitness First Common Stock,FTF.L^G03,FTF,GB0030038466
1083,Foresight Enterprise VCT PLC,FTF.L,FTF,GB00B07YBS95
642,Forward Partners Group PLC,FWD.L,FWD,GB00BKPGBB09
6152,Forward Group Common Stock,FWD.L^E97,FWD,GB0003471728
3378,Gcp Asset Backed Income Fund C Ord Shs,GABIGc.L^D18,GABIGc,JE00BYW1DN23
8606,GCP Asst Backd Income Fund Ord C Shs,GABIGc.L^H17,GABIGc,JE00BYYS2J04
13394,Natwest Enterprise Trust PLC Common Stock,GAE.L^L97,GAE,nan
6146,American Endeavour Fund Common Stock,GAE.L^F95,GAE,GB0003803268
8602,Gartmore Amer Common Stock,GASL.L^I93,GASL,GB0005275093
8603,Gasol Ord Shs,GASL.L^G14,GASL,GB00B826T938
3367,AB FOODS Ord Shs,GB0055969.L^A00,GB0055969,nan
11742,Abf Investments Ord Shs,GB0055969.L^J02,GB0055969,nan
6137,BAMPTON Ord Shs,GB0073723.L^F97,GB0073723,nan
3365,BAMPTON Ord shs,GB0073723.L^D02,GB0073723,nan
12450,Kvaerner E&C Holdings Ord Shs,GB0148029.L^J02,GB0148029,nan
12464,BROWN (JOHN) 0.0LS,GB0148029.L^K99,GB0148029,nan
3353,Burndene Ord Shs,GB0155784.L^D02,GB0155784,nan
11430,Burndene Inv Common Stock,GB0155784.L^J02,GB0155784,nan
6127,CESC Class Q Ord Shs,GB0162869.L^F03,GB0162869,INE492601013
8581,CESC Ord Shs,GB0162869.L^H96,GB0162869,INE486A01021
8579,Canadian Overseas Packaging Ord Shs,GB0170602.L^H96,GB0170602,nan
8580,Canadian Overseas Ord Shs,GB0170602.L^G02,GB0170602,nan
3349,Charlwood Alliance Holding Ord Shs,GB0188025.L^D02,GB0188025,nan
12448,Charlwood Alliance Hldgs  7 1/2% Uns Ln Stk 50P,GB0188025.L^J02,GB0188025,nan
6119,CHURCHBURY EST Ord Shs,GB0196062.L^F97,GB0196062,GB0001960623
3348,CHURCHBURY EST Ord SHS,GB0196062.L^A00,GB0196062,nan
13332,Coats Patons Ord Shs,GB0206723.L^L99,GB0206723,nan
11478,Coats Patons Common Stock,GB0206723.L^J02,GB0206723,nan
8572,CONS.BULTFONTN.,GB0216506.L^H02,GB0216506,QQ0002165066
13561,Consol Bultfont Common Stock,GB0216506.L^L96,GB0216506,nan
8565,DEBENHAMS Ord shs,GB0260428.L^H02,GB0260428,GB0002604287
11016,Debenhams Direct Ord Shs,GB0260428.L^J99,GB0260428,nan
8564,Debenhams Ord,GB0260440.L^H02,GB0260440,GB0002604402
11746,DEBENHAMS Ord Shs,GB0260440.L^J99,GB0260440,nan
8559,Durban Development Ord Shs,GB0288271.L^G02,GB0288271,nan
3342,DURBAN ROODEPOOR Ord Shs,GB0288271.L^C02,GB0288271,nan
8554,Eldridge Pope Ord Shs,GB0308102.L^I08,GB0308102,GB0003081022
6083,ELDRIDGE POPE Ord Shs,GB0308102.L^F97,GB0308102,nan
8546,FREE STATE DEV,GB0351311.L^G02,GB0351311,nan
3334,Free State Development Ord Shs,GB0351311.L^C02,GB0351311,nan
11725,Genfinance 11.49% Loan Stock,GB0366821.L^J02,GB0366821,nan
6055,Genfinance Ord Shs,GB0366821.L^F97,GB0366821,nan
8542,GENFINANCE Ord shs,GB0366854.L^H00,GB0366854,nan
6054,GENFINANCE Ord Shs,GB0366854.L^F97,GB0366854,nan
3327,Aberdeen Preferred Income Trust Ord Shs,GB0376756.L^C08,GB0376756,nan
3326,ABERDEEN PREFERR Ord shs,GB0376756.L^D02,GB0376756,nan
8538,GREENALLS Ord Shs,GB0386960.L^I99,GB0386960,nan
6046,GREENALLS GROUP Ord shs,GB0386960.L^F97,GB0386960,GB0003869608
3321,HARMONY GOLD MIN Ord Shs,GB0410568.L^C02,GB0410568,nan
8535,Harmony Gold Mining Ord Shs,GB0410568.L^G02,GB0410568,nan
8531,Bank Ire Common Stock,GB0432647.L^G05,GB0432647,nan
13455,BANK OF IRELAND Ord shs,GB0432647.L^L98,GB0432647,nan
8529,Tongaat Hulett Ord Shs,GB0443508.L^G02,GB0443508,nan
3318,TONGAAT-HULETT Ord shs,GB0443508.L^C02,GB0443508,nan
6023,IMI ORD Shs,GB0457974.L^F97,GB0457974,GB0004579743
8525,IMI 0.0LS,GB0457974.L^G01,GB0457974,nan
3316,IRELAND STK,GB0461737.L^D02,GB0461737,nan
8522,Ireland Ord Shs,GB0461737.L^I08,GB0461737,IE0004617373
3315,TR Organisation Ord Shs,GB0464899.L^C02,GB0464899,nan
8521,Thomson Corp Ord Shs,GB0464899.L^G02,GB0464899,nan
8515,Kuala Lumpur Kepong Ord Shs,GB0497583.L^G02,GB0497583,nan
3310,KUALA LUMPUR KEP Ord Shs,GB0497583.L^C02,GB0497583,nan
12187,J Sainsbury 8 Irrd Uns Ln Ord Shs,GB0767628.L^J02,GB0767628,nan
3290,SAINSBURY Ord Shs,GB0767628.L^D02,GB0767628,nan
8478,SIMMER & JACK Ord shs,GB0809003.L^H96,GB0809003,nan
8479,SIMMER & JACK,GB0809003.L^G02,GB0809003,nan
13746,WH Smith 5.125% Ord Shs,GB0817642.L^L96,GB0817642,nan
3284,WH SMITH 0.0LS,GB0817642.L^D02,GB0817642,nan
3281,STILFONTEIN GOLD Ord shs,GB0849708.L^C02,GB0849708,nan
8475,Stilfontein Gold Mining Ord Shs,GB0849708.L^G02,GB0849708,nan
8472,TAIPEI 0.0UN,GB0870452.L^I96,GB0870452,nan
8473,TAIPEI FD.UTSRG,GB0870452.L^G02,GB0870452,nan
3278,TATE & LYLE Ord Shs,GB0875532.L^D02,GB0875532,nan
12267,Tate & Lyle Common Stock,GB0875532.L^J02,GB0875532,nan
11507,Tesco Ord Shs,GB0884680.L^J02,GB0884680,nan
3276,TESCO Ord shs,GB0884680.L^D02,GB0884680,nan
8468,Thailand International Fund Ord Shs,GB0885821.L^G02,GB0885821,nan
5919,THAILAND INTL Ord Shs,GB0885821.L^F97,GB0885821,BE0065176894
5914,Thornton Ornt In Common Stock,GB0889812.L^F97,GB0889812,nan
8467,Dresdner RCM Common Stock,GB0889812.L^G04,GB0889812,QQ0008898124
12140,KVAERNER 10Q%06,GB0900780.L^J02,GB0900780,nan
12215,TRAFALGAR HOUSE 0.0LS,GB0900780.L^K99,GB0900780,nan
8462,TRAFALGAR HOUSE Ord Shs,GB0900887.L^I99,GB0900887,nan
5905,TH Global ORD Shs,GB0900887.L^F97,GB0900887,GB0009008870
5902,Transdev Ord Shs,GB0902021.L^F97,GB0902021,GB0009020214
11003,TRANS DEV Ord Shs,GB0902021.L^K99,GB0902021,nan
3270,Vogelstruisbult Metal Holdings Ord Shs,GB0930583.L^C02,GB0930583,nan
8457,Vogels Common Stock,GB0930583.L^I02,GB0930583,ZAE000007787
8451,ALCAN INC.NPV,GB2013200.L^G02,GB2013200,nan
13425,Alcan Ord Shs,GB2013200.L^L94,GB2013200,nan
13410,Bell South Ord Shs,GB2090601.L^L94,GB2090601,nan
8444,Bellsouth Ord Shs,GB2090601.L^G02,GB2090601,nan
12446,EMC Ord Shs,GB2257268.L^K02,GB2257268,nan
8435,DATA GENERAL 0.0EQ,GB2257268.L^H96,GB2257268,nan
8432,Eaton Ord Shs,GB2300883.L^H96,GB2300883,IE00B8KQN827
8433,Eaton Corp Ord Shs,GB2300883.L^G02,GB2300883,nan
11939,Republic Gold Ord Shs,GB2558046.L^K95,GB2558046,nan
8419,Republic Goldfields Ord Shs,GB2558046.L^G02,GB2558046,nan
8411,Sea Container Ord Shs,GB2786858.L^G02,GB2786858,nan
8410,SEA COMTAINERS 0.0USDEQ,GB2786858.L^H96,GB2786858,nan
13702,UNISYS 0.0EQ,GB2931595.L^L94,GB2931595,nan
8403,Unisys Ord Shs,GB2931595.L^G02,GB2931595,nan
13625,Relx Ord Shs,GB4311924.L^L02,GB4311924,nan
11977,Reed Elsevier NV Common Stock,GB4311924.L^J94,GB4311924,nan
8339,ESPIRITO SANTO Ord Shs,GB4316145.L^I96,GB4316145,nan
8340,Espirito Santo Financial Ord Shs,GB4316145.L^G02,GB4316145,nan
8328,VOLVO 'A',GB4931162.L^H04,GB4931162,nan
8327,VOLVO Ord shs,GB4931162.L^H94,GB4931162,nan
3221,Stolt Nielsen Seaway Ord Shs,GB5001462.L^C02,GB5001462,nan
5851,Stolt-Nielsen SA Common Stock,GB5001462.L^F03,GB5001462,LU0062738231
8323,Great Taipei Gas Ord shs,GB5061819.L^G02,GB5061819,nan
5850,TAIPEI Ord Shs,GB5061819.L^F97,GB5061819,nan
3171,Greenwich Coms Common Stock,GCC.L^A97,GCC,GB0003882569
1152,C&C Group PLC,GCC.L,GCC,IE00B010DT83
8274,Gcp Infrastructure Investments Ord Shs,GCPIc.L^H14,GCPIc,JE00BJT12C24
5821,GCP Infrastructure Investments Ord Shs,GCPIc.L^E12,GCPIc,JE00B6SRCQ47
3170,GCP Infrastructure Investments C Shares Ord Shs,GCPIc.L^D13,GCPIc,JE00B8GM9429
3162,Govett Emerging Market Investment Trust PLC Common Stock,GEM.L^C01,GEM,GB0003789012
8261,Gemfields Ord Shs,GEM.L^G17,GEM,GB00B0HX1083
5817,Clan Homes Ord Shs,GENG.L^E09,GENG,GB0002007580
166,Genuit Group PLC,GENG.L,GENG,GB00BKRC5K31
5805,Gold Frost Ord Shs,GLF.L^E08,GLF,IL0010952989
8235,Globalnet Finl Common Stock,GLF.L^I01,GLF,US37937R2094
5804,Greenhills PLC Common Stock,GLL.L^E97,GLL,GB0003875761
8232,Gaucho Grill Common Stock,GLL.L^G02,GLL,GB0006703846
8230,Glotel Ord Shs,GLO.L^H07,GLO,GB0006782147
12732,ContourGlobal Ord Shs,GLO.L^L22,GLO,nan
57,Galileo Resources PLC,GLR.L,GLR,GB00B115T142
13305,Gaelic Resources Common Stock,GLR.L^L99,GLR,nan
5800,Game PLC Common Stock,GME.L^F99,GME,GB0002851862
5801,Global Marine Ord Shs,GME.L^E08,GME,GB00B0SP6N19
3138,Granada Media Common Stock,GME.L^B01,GME,GB0008447814
13092,Grand Met Common Stock,GMET.L^L97,GMET,nan
1698,Golden Metal Resources PLC,GMET.L,GMET,GB00BPQY8R36
8210,GlobeOp Financial Services Ord Shs When Issued,GO.L^G07,GO,LU0303052996
8209,Globeop Financial Services Ord Shs,GO.L^G12,GO,LU0311272891
3133,Goal Petroleum Common Stock,GOAL.L^C96,GOAL,GB0003621751
8208,Goals Soccer Centres Ord Shs,GOAL.L^I19,GOAL,GB00B0486M37
8203,Global Opportunities Trust LTD Common Stock,GOT.L^I02,GOT,GB0008292277
1333,Global Opportunities Trust PLC,GOT.L,GOT,GB0033862573
8202,Guinness Peat Common Stock,GPGe.L^H04,GPGe,nan
3125,Guinness Peat Gp Ord Shs,GPGe.L^B07,GPGe,GB00B08ZJV09
8198,Guardian IT Ord Shs,GRD.L^G02,GRD,GB0002478070
3118,Gradus Group PLC Common Stock,GRD.L^C97,GRD,GB0003809067
5790,Greenway Common Stock,GRN.L^F00,GRN,GB0004929310
5791,Gravity Diamonds Ord Shs,GRN.L^E07,GRN,AU000000GRN7
730,GS Chain PLC,GSC.L,GSC,GB00BP38X172
11527,German Smaller Companies Investment Trust PLC Common Stock,GSC.L^J99,GSC,nan
10530,Global Structurd Ord Shs,GSF.L^J06,GSF,nan
440,Gore Street Energy Storage Fund PLC,GSF.L,GSF,GB00BG0P0V73
498,GSTechnologies Ltd,GST.L,GST,VGG4164C1005
12768,Govett Strategic Common Stock,GST.L^L03,GST,nan
1590,Gusbourne PLC,GUS.L,GUS,GB00B8TS4M09
9957,Experian Ord Shs,GUS.L^J06,GUS,GB00B19NLV48
115,Globalworth Real Estate Investments Ltd,GWI.L,GWI,GG00B979FD04
3099,Genesis Worldwide Ord Shs,GWI.L^C09,GWI,CA3718472036
3095,Gyrus Group Ord Shs,GYG.L^B08,GYG,GB0001701522
8171,Gyg Ord Shs,GYG.L^I22,GYG,GB00BZ4FM652
11232,Heal's PLC Common Stock,HAL.L^J01,HAL,nan
8167,Ronson Common Stock,HAL.L^I95,HAL,GB0004393038
870,Hansa Investment Company Ltd,HAN.L,HAN,BMG428941162
8165,Hanson Ord Shs,HAN.L^G93,HAN,GB0033516088
1309,Harland & Wolff Group Holdings PLC,HARL.L,HARL,GB00BLPJ1272
3084,Harrisons Inds Common Stock,HARL.L^B92,HARL,GB0004126388
12901,Harvey Nash Group Ord Shs,HARV.L^L18,HARV,nan
8163,Harvester Holdings Ord Shs When Issued,HARV.L^G21,HARV,VGG4403K1030
8160,Hays Ord Shs,HAYS.L^G93,HAYS,GB0004161021
984,Hays PLC,HAYS.L,HAYS,GB0004161021
853,Hardide PLC,HDD.L,HDD,GB00BJJPX768
8148,Hodder Headline Common Stock,HDD.L^H99,HDD,GB0004171491
8146,Halladale Group Ord Shs,HDGr.L^H06,HDGr,GB00B15MRK65
8147,Halladale Group Ordinary Shares,HDGr.L^H05,HDGr,GB00B07C1L61
3070,Henderson Highland Ord Shs,HDH.L^D97,HDH,GB0004204045
3071,Hidden Hearing I Common Stock,HDH.L^C00,HDH,GB0003517975
8140,Hemscott (Assd Centerpoint Cash) Ord Shs,HEMA.L^I06,HEMA,GB00B1D3S868
8141,Hemscott Ass Csh Common Stock,HEMA.L^H04,HEMA,QQ0032879744
11068,Hampden Group Common Stock,HHC.L^K99,HHC,nan
3050,Hexagon Human Capital Ord Shs,HHC.L^D10,HHC,GB00B12G3G91
3047,HSBC Infrastructure Ord Shs,HICLc.L^A10,HICLc,GG00B597WD39
3046,HSBC Infrastructure C Ord Shs,HICLc.L^A11,HICLc,GG00B4TB1205
3045,Hicl Infrastructure Ord Shs,HICLc.L^D12,HICLc,GG00B5SNML04
5771,HSBC Infrastructure Company Ltd C Shares,HICLc.L^F08,HICLc,GG00B2R01586
3043,Henderson International C Ord Shs,HINTc.L^A14,HINTc,GB00BFMYZ981
8130,Henderson International Income Trust Ord C Shs,HINTc.L^H17,HINTc,GB00BF2CLK52
10541,Henderson Morley Ord Shs,HML.L^J10,HML,nan
12682,Vebnet Holdings Ord Shs,HML.L^K96,HML,nan
8114,Wessex Exploration Ord Shs,HNL.L^I17,HNL,GB00BSNM2916
8115,Henlys Ord Shs,HNL.L^G04,HNL,GB0006914047
8111,Holmes Place Ord Shs,HOL.L^H03,HOL,GB0001652774
13025,Hollywood Media Services Ord Shs,HOL.L^L09,HOL,nan
88,hVIVO PLC,HVO.L,HVO,GB00B9275X97
2996,Hvivo Ord Shs,HVO.L^A20,HVO,GB00B6ZM0X53
1024,Highway Capital PLC,HWC.L,HWC,GB0008579384
13767,Hartlepool Water Common Stock,HWC.L^L97,HWC,nan
2993,HW Group PLC Common Stock,HWG.L^B00,HWG,GB0002926037
13208,Hallwood Group Ord Shs,HWG.L^L90,HWG,nan
1270,Harworth Group PLC,HWG.L,HWG,GB00BYZJ7G42
13228,Hadrian'S Wall Secured Ord Shs,HWSLc.L^L18,HWSLc,nan
2992,Hadrian'S Wall Secured Investments Ord Shs C,HWSLc.L^C18,HWSLc,GG00BDD98Q61
2991,Honeygrove Grp Common Stock,HYG.L^B05,HYG,GB0009238519
957,Seneca Growth Capital VCT PLC,HYG.L,HYG,GB0031256109
2985,Hydrodec Group Ord Shs,HYR.L^D21,HYR,GB00BFD2QZ40
12285,Hyder Common Stock,HYR.L^J00,HYR,nan
264,Ibstock PLC,IBST.L,IBST,GB00BYXJC278
2977,Ibstock PLC Common Stock,IBST.L^D99,IBST,GB0004554068
10340,Incat International Ord Shs,ICN.L^K05,ICN,GB00B03THQ84
8062,Interclubnet Common Stock,ICN.L^I03,ICN,GB0009247247
12882,Impax Envtl Mkts Ord Shs,IEMc.L^L05,IEMc,nan
12922,Impax Environmental Markets C Ord Shs,IEMc.L^L07,IEMc,nan
10353,Impax Environmental Markets GBP C Inc,IEMc.L^J06,IEMc,GB00B197B270
1144,IG Group Holdings PLC,IGG.L,IGG,GB00B06QFB75
12223,Alphyra Group Common Stock,IGG.L^J01,IGG,nan
874,Inspiration Healthcare Group PLC,IHC.L,IHC,GB00BXDZL105
2946,India Hospitality Ord Shs,IHC.L^C12,IHC,KYG476011369
578,Intuitive Investments Group PLC,IIG.L,IIG,GB00BNGFMW59
2943,Independent Ins Common Stock,IIG.L^A02,IIG,GB0002577103
2934,Impshire Thbred Ord Shs,IMP.L^A97,IMP,IE0008384830
5722,Imprint Ord Shs,IMP.L^E08,IMP,GB0030417058
10982,IMS Group PLC Common Stock,IMS.L^J02,IMS,nan
13034,Indpt Med Supp Ord Shs,IMS.L^L08,IMS,nan
229,Schroders Capital Global Innovation Trust PLC,INOV.L,INOV,GB00BVG1CF25
12852,Inova Ord Shs,INOV.L^L07,INOV,nan
2923,Inspicio Ord Shs,INP.L^C08,INP,GB00B07BZ776
12553,Inspirations PLC Common Stock,INP.L^J97,INP,nan
5712,In Shops PLC Common Stock,INS.L^F94,INS,GB0004600358
18,Instem PLC,INS.L,INS,GB00B3TQCK30
2922,International Nuclear Solutions Ord Shs,INS.L^B08,INS,GB00B12QZ964
8028,Inspired Capital Assented Bentley Park Cash Ord Shs,INSA.L^G15,INSA,GB00BYMW8N01
8027,Infast Group Ordinary Shares,INSA.L^H05,INSA,GB00B09LM852
8026,International Nuclear Solutions Assented Babcock Ord Shs,INSA.L^I07,INSA,GB00B1Z3K778
2921,Inspace Ord Shs,INSP.L^B08,INSP,GB00B07NFJ53
1076,Inspirit Energy Holdings PLC,INSP.L,INSP,GB00B44W9L31
8016,Innogy Hldgs Common Stock,IOG.L^G02,IOG,GB0009594036
130,Iog PLC,IOG.L,IOG,GB00BF49WF64
5709,Island Oil Gas Ord Shs,IOG.L^E10,IOG,IE00B04BKQ42
11525,Ionica Group Common Stock,ION.L^K98,ION,nan
2917,Ionian Estates Ordinary Shares,ION.L^D06,ION,GB00B064H485
8009,IPSA Group Ord Shs,IPSA.L^I16,IPSA,GB00B0CJ3F01
12347,INTELLIPLUS GRP ASS SHS,IPSA.L^J03,IPSA,nan
11230,Invesco Recovery Trust PLC Common Stock,IRT.L^K98,IRT,nan
8006,RWS Holdings Ord Shs,IRT.L^H01,IRT,GB00BVFCZV34
12716,Inmarsat Ord Shs,ISA.L^L19,ISA,nan
8004,ISA International Ord Shs,ISA.L^G02,ISA,GB0004600911
10573,Invesco Continental Smaller Co Ord Shs,ISM.L^K04,ISM,nan
11198,Instem PLC Common Stock,ISM.L^K97,ISM,nan
5696,I2S Common Stock,ITS.L^E04,ITS,GB0008213083
600,Itsarm PLC,ITS.L,ITS,GB00BMXMR838
7990,Intereurope Tech Common Stock,ITS.L^I99,ITS,GB0004644570
1233,ITV PLC,ITV.L,ITV,GB0033986497
10885,Advanced Medical Solutions Group Ord Shs,ITV.L^K98,ITV,nan
12970,Touchstone Innovations Ord Shs,IVO.L^L17,IVO,nan
2885,Ivory & Sime Opt Common Stock,IVO.L^C04,IVO,GB0004530910
5694,Invesco Perpetual Select Trust Ord Shs,IVPE.L^E11,IVPE,GB00B4YM1M87
12419,Invesco Perpetual Select Trust Elected Hedge Fund Ord Shs,IVPE.L^K07,IVPE,nan
13364,Inner Workings Common Stock,IWG.L^L99,IWG,nan
1329,IWG Plc,IWG.L,IWG,JE00BYVQYS01
12154,Johnson Controls Ord Shs,JCIq.L^K97,JCIq,nan
13568,Invego Inv Common Stock,JCIq.L^L96,JCIq,nan
13121,Jupiter Dividend & Growth Trust Cash Pool Ord Shs,JDTx.L^L05,JDTx,nan
10585,Jupiter Dividend And Growth Ord Shs,JDTx.L^K17,JDTx,nan
10195,Jupiter Finance Common Stock,JFI.L^K04,JFI,GB0030485790
2871,JF Indonesia Fd Common Stock,JFI.L^D97,JFI,GB0004599923
2861,Jubilee Investment Trust Ord Shs,JIT.L^B07,JIT,GB0032539537
2862,New Star Investment Trust PLC,JIT.L^B01,JIT,GB0002631041
2857,John Lusty Common Stock,JLG.L^D03,JLG,GB0009134650
7975,John Laing Group Ord Shs,JLG.L^I21,JLG,GB00BVC3CB83
7970,Joel Gold Mining Ord Shs,JOG.L^H96,JOG,nan
34,Jersey Oil and Gas PLC,JOG.L,JOG,GB00BYN5YK77
5679,JSM Indochina Ord Shs,JSM.L^E12,JSM,KYG821151092
2839,Empire Energy Group Ord Shs,JSM.L^A03,JSM,AU000000EEG4
7961,Jetcam Common Stock,JTC.L^I03,JTC,BMG511341072
436,JTC PLC,JTC.L,JTC,JE00BF4X3P53
2817,Kenetics Group Ord Shs,KEN.L^A11,KEN,GB00B17MXQ28
729,Kendrick Resources PLC,KEN.L,KEN,GB00BNBQZW49
12292,Ketson PLC Common Stock,KETL.L^J90,KETL,nan
386,Strix Group PLC,KETL.L,KETL,IM00BF0FMG91
12759,Kistos Ord Shs,KIST.L^L22,KIST,nan
753,Kistos Holdings Plc,KIST.L,KIST,GB00BP7NQJ77
2794,Kish Resources Common Stock,KRS.L^B97,KRS,IE0004945170
51,Keras Resources PLC,KRS.L,KRS,GB00BMY2T534
11992,BlackRock Latin American Investment Trust PLC,LAM.L^J98,LAM,nan
10434,Lamprell Ord Shs,LAM.L^J22,LAM,nan
5652,La Tasca Group Ord Shs,LAT.L^F07,LAT,GB00B05JYJ82
12349,Lattice Group Common Stock,LAT.L^J02,LAT,nan
2783,Leplat Common Stock,LBP.L^C97,LBP,nan
2784,Lb-Shell Ord Shs,LBP.L^A19,LBP,GB00BNB7LQ31
5650,Lone Star Common Stock,LCE.L^E91,LCE,US5422904087
7914,Enterprise Ord Shs,LCE.L^G97,LCE,GB0005031231
352,Logistics Development Group PLC,LDG.L,LDG,GB00BD8QVC95
2775,Legacy Distribution Ord Shs,LDG.L^C07,LDG,USU523551013
11024,Profile Media Ord Shs,LEP.L^J00,LEP,nan
13363,Lep Group PLC Common Stock,LEP.L^L95,LEP,nan
7905,RAC Ord Shs,LEX.L^I02,LEX,GB0005145239
1267,Lexington Gold Ltd,LEX.L,LEX,BMG5479L1072
7900,Philippine Gold Common Stock,LFT.L^H96,LFT,GB0005262505
2765,Loftus Road Common Stock,LFT.L^D01,LFT,GB0005247373
5642,Liberty Living Ord Shs,LIBL.L^E15,LIBL,GB00BN406867
704,Libertine Holdings PLC,LIBL.L,LIBL,GB00BN6PSG15
7895,London Intl Grp Common Stock,LIG.L^I99,LIG,GB0004998026
13752,Leggmason Inv IG Common Stock,LIG.L^L04,LIG,nan
7890,LIT Holdings PLC Common Stock,LITL.L^I93,LITL,GB0005195176
503,Litigation Capital Management Ltd,LITL.L,LITL,AU000000LCA6
13478,Lloyds TSB Ord Shs,LLOY.L^L95,LLOY,nan
1079,Lloyds Banking Group PLC,LLOY.L,LLOY,GB0008706128
11115,LogicaCMG Ord Shs,LOGg.L^K05,LOGg,nan
12445,LogicaCMG Common Stock,LOGg.L^K00,LOGg,nan
7881,Lombard Medical Ord Shs,LOM.L^G03,LOM,GB0009682948
13239,Atrium Underwrng Ord Shs,LOM.L^L98,LOM,nan
2727,Lond Stock Exch Ord Shs,LSEA.L^C06,LSEA,GB00B0TZ1574
2728,London Stock Exchange Assented Nightingale Ord Shs,LSEA.L^B07,LSEA,GB00B1HNSD71
2722,Laidlaw Thomson Ord Shs,LTGL.L^C90,LTGL,nan
44,Learning Technologies Group PLC,LTGL.L,LTGL,GB00B4T7HX10
10805,Loudwater Trust Ord Shs,LWT.L^J13,LWT,nan
5623,LWT Holdings Ord Shs,LWT.L^E94,LWT,GB0005389985
5616,MG Capital Ord Shs,MAPL.L^F09,MAPL,GB00B02S3576
7855,MAI PLC Common Stock,MAPL.L^I93,MAPL,GB0005940191
7834,Martin Currie Smaller Companies Investment Trust PLC Common Stock,MCS.L^G99,MCS,GB0006019193
2681,Mccarthy and Stone Ord Shs,MCS.L^B21,MCS,GB00BYNVD082
2675,Meldex International Ord Shs,MDX.L^C09,MDX,GB0032681628
13730,Wakebourne PLC Common Stock,MDX.L^L93,MDX,nan
5599,Mentmore Common Stock,MEN.L^F04,MEN,GB0005765903
1242,Molecular Energies PLC,MEN.L,MEN,GB00BMT80K89
7819,Merchant Retail Common Stock,MERL.L^I93,MERL,GB0006422421
9986,Merlin Entertainment Group Ord Shs,MERL.L^K19,MERL,GB00BDZT6P94
7814,MG PLC Common Stock,MGA.L^I00,MGA,GB0008293358
12362,M and G Second Dual Trust PLC Common Stock,MGA.L^K95,MGA,nan
11520,Magna Investment Ord Shs,MGN.L^J06,MGN,nan
11451,Mirror Group PLC Common Stock,MGN.L^K99,MGN,nan
5590,Martin Currie Common Stock,MHC.L^F05,MHC,GB0003520573
2649,Manufac Hanover Common Stock,MHC.L^A92,MHC,US5648091016
1133,Mobeus Income & Growth 2 VCT PLC,MIG.L,MIG,GB00B0LKLZ05
7805,Mackie Intl Grp Common Stock,MIG.L^I99,MIG,GB0005583835
13768,Magnolia Group Common Stock,MLA.L^L95,MLA,nan
10323,Merrill Lynch Asset Allocator Growth GBP 0.001 Ord Shs,MLA.L^K06,MLA,GB0005671523
12212,Morland PLC Common Stock,MLD.L^K99,MLD,nan
13078,Mirland Development Corp. Ord Shs,MLD.L^L16,MLD,nan
7787,Mt Martin Gold Common Stock,MMG.L^I93,MMG,nan
13028,Medical Mktng GP Ord Shs,MMG.L^L09,MMG,nan
5578,Monterrico Metal Ord Shs,MNA.L^F09,MNA,GB0031695009
2623,Milagro Min Common Stock,MNA.L^D97,MNA,nan
10604,Lcl Resources Ord Shs,MNC.L^J18,MNC,nan
7780,CT Private Equity Trust PLC,MNC.L^I01,MNC,GB0030738271
7779,MNC Strategic Investments Ord Shs,MNCS.L^G15,MNCS,GB00BNGXS216
11648,MANCHESTER SHIP STK,MNCS.L^J93,MNCS,nan
5577,Manpower Inc Common Stock,MNP.L^F91,MNP,GB0001055416
1193,Martin Currie Global Portfolio Trust PLC,MNP.L,MNP,GB0005372411
7772,Mediterranean Oil and Gas Ord Shs,MOG.L^H14,MOG,GB00B0MZGF99
7771,Monument Oil Common Stock,MOG.L^I99,MOG,GB0006011356
2611,Madagascar Oil Ord Shs,MOIL.L^D16,MOIL,BMG5738R1016
13011,Medoil Ord Shs,MOIL.L^L07,MOIL,nan
7769,Eight Capital Partners Ord Shs,MORE.L^G18,MORE,GB00BYT56612
7768,More Group PLC Common Stock,MORE.L^H98,MORE,GB0006023872
2603,Minster Pharmaceuticals Ord Shs,MPM.L^C10,MPM,GB00B142W462
12853,Mporium Group Ord Shs,MPM.L^L19,MPM,nan
2599,Marlowe Holdings Ord Shs,MRLM.L^C16,MRLM,BZP6464V1004
290,Marlowe PLC,MRLM.L,MRLM,GB00BD8SLV43
5572,Metroline PLC Common Stock,MRO.L^E00,MRO,GB0001043446
11006,Metro Radio Common Stock,MRO.L^J95,MRO,nan
272,Melrose Industries PLC,MRON.L,MRON,GB00BNGDN821
9979,Melrose Industries Ord Shs,MRON.L^K15,MRON,GB00BV9FYX34
13549,Melrose Resources Ord Shs,MRR.L^L99,MRR,nan
10466,Mill Residential REIT Ord Shs,MRR.L^K15,MRR,nan
1615,Mothercare PLC,MTC.L,MTC,GB0009067447
2589,Clark Matthew Common Stock,MTC.L^B99,MTC,GB0002013083
12150,Metrotect Common Stock,MTE.L^K99,MTE,nan
11511,Mission Testing Common Stock,MTE.L^J02,MTE,nan
2587,Metnor Group Ord Shs,MTGL.L^D09,MTGL,GB0003782249
5565,Mountleigh Group Ord Shs,MTGL.L^E92,MTGL,GB0006077571
11566,Metal Bulletin Assd Cash Ord Shs,MTLA.L^K06,MTLA,nan
7742,Metals Exploration Assd Solomon Cap Cash Ord Shs,MTLA.L^I10,MTLA,GB00B52ZJZ59
5564,Multimedia Telev Ord Shs,MTM.L^E06,MTM,GB0033711127
2585,Meristem PLC Common Stock,MTM.L^D00,MTM,GB0005578181
12735,Matalan Ord Shs,MTN.L^L06,MTN,nan
2584,Metana Minerals Common Stock,MTN.L^A94,MTN,nan
13185,Meteor Tech Common Stock,MTN.L^L97,MTN,nan
11726,Motor World Grp Common Stock,MWG.L^K96,MWG,nan
12923,Modern Water Ord Shs,MWG.L^L20,MWG,nan
12585,Murray International Trust PLC Common Stock,MYIe.L^J96,MYIe,nan
2565,Murray International Trust New Ord Shs,MYIe.L^B07,MYIe,GB00B131CR72
10646,Murray TMT PLC Common Stock,MYT.L^K04,MYT,nan
5554,Mytrah Energy Ord Shs,MYT.L^E18,MYT,GG00B64BJ143
5552,MOLYNX HLDS STK,MYX.L^E94,MYX,GB0005987093
13709,Exchange FS Group Ord Shs,MYX.L^L00,MYX,nan
2563,Mycelx Technologies Corporation Ord Shs,MYXR.L^C20,MYXR,USU624551151
7727,Mycelx Technologies Ord Shs,MYXR.L^I17,MYXR,USU624551078
2534,New Look Group Ord Shs,NEW.L^D04,NEW,GB0002760949
10395,New World Oil And Gas Ord Shs,NEW.L^K16,NEW,nan
12868,Newcourt Ord Shs,NEW.L^L09,NEW,nan
7706,Northern Foods Ord Shs,NFDSe.L^I06,NFDSe,GB00B0NYG441
12514,Northern Foods Common Stock,NFDSe.L^K98,NFDSe,nan
10486,Newport Hldgs Common Stock,NPT.L^K03,NPT,nan
2498,Netplay TV Ord Shs,NPT.L^D17,NPT,GB00BZBXBN29
10980,Nash William PLC Common Stock,NSW.L^K01,NSW,nan
2480,Nu-Swift PLC Common Stock,NSW.L^C94,NSW,GB0006514086
9970,Northumbrian Water Group Ord Shs,NWG.L^J11,NWG,GB0033029744
1056,Natwest Group PLC,NWG.L,NWG,GB00BM8PJY71
5516,Olim Convertible Trust PLC Common Stock,OCT.L^E99,OCT,GB0006589823
2462,Octagonal Ord Shs,OCT.L^A21,OCT,GB00BWWCHQ23
2461,Octopus Publishing Group Ord Shs,OCTP.L^C90,OCTP,nan
617,Oxford Cannabinoid Technologies Holdings PLC,OCTP.L,OCTP,GB00BMVMRB86
2454,Okyo Pharma Corporation Ord Shs,OKYO.L^C18,OKYO,VGG6743A1093
5510,Okyo Pharma Ord Shs,OKYO.L^E23,OKYO,GG00BD3FV870
657,Oxford Nanopore Technologies PLC,ONT.L,ONT,GB00BP6S8Z30
5508,Online Travel Common Stock,ONT.L^E04,ONT,GB0008290453
5503,Optoplast Common Stock,OPP.L^F02,OPP,GB0002240157
5504,Origo Partners Ord Shs,OPP.L^E22,OPP,IM00B1G3MS12
2442,Ocean Power Tech Common Stock,OPT.L^A04,OPT,USU675011030
11698,Musedia Corp Ord Shs,OPT.L^J01,OPT,nan
1518,Oriole Resources PLC,ORR.L,ORR,GB00B0T29327
2435,Oriental Restaur Common Stock,ORR.L^A01,ORR,GB0006616782
7633,Oasis Health Ord Shs,OSH.L^I07,OSH,GB0006556152
2432,Oil Search Ord Shs,OSH.L^D97,OSH,PG0008579883
10228,OXFORD BIOMED NP,OXBn.L^J03,OXBn,GB0033571125
2428,Oxford Biomedica Common Stock,OXBn.L^C99,OXBn,GB0005671960
2420,Platform Specialty Products Ord Shs,PAH.L^B14,PAH,VGG712491098
5490,Northacre Ord Shs,PAH.L^E99,PAH,GB0006877939
7617,Pan European Terminals Ord Shs,PAN.L^G14,PAN,GB00B12V3082
10612,Tax Systems Ord Shs,PAN.L^J06,PAN,nan
10402,Prop Acq Mgmt Common Stock,PAQ.L^K04,PAQ,nan
10801,PAQ International Holdings Ord Shs,PAQ.L^K10,PAQ,nan
7611,Premium Bars and Restaurants Ord Shs,PBR.L^G09,PBR,GB0007456139
7610,Pictet Brit Inv Common Stock,PBR.L^I99,PBR,GB0006881725
1100,Polar Capital Technology Trust PLC,PCT.L,PCT,GB0004220025
2408,PCT Group PLC Common Stock,PCT.L^A97,PCT,GB0006656473
2404,Parkdean Leisure Common Stock,PDL.L^C95,PDL,GB0006715360
1195,Petra Diamonds Ltd,PDL.L,PDL,BMG702782084
666,Peel Hunt Ltd,PEEL.L,PEEL,GG00BLGZJW08
7595,Peel Hotels Ord Shs,PEEL.L^I19,PEEL,GB0002583606
2382,Perpetual Common Stock,PER.L^C01,PER,GB0006823891
10726,Perspective Cap Ord Shs,PER.L^J06,PER,nan
12844,Perform Group Ord Shs,PER.L^L14,PER,nan
7573,Proactis Holdings Ord Shs,PHD.L^G21,PHD,GB00B13GSS58
11561,World Fluids PLC Common Stock,PHD.L^J98,PHD,nan
12264,Primary Health Properties (Ordinary Ranking for Dividend) Ord Shs,PHPr.L^J07,PHPr,nan
11131,Primary Health Properties Ord Shs,PHPr.L^J09,PHPr,nan
7566,Peterhouse Group Asset Babcock Max Shares Ord Shs,PHSC.L^G04,PHSC,GB00B00JWF59
1167,PHSC PLC,PHSC.L,PHSC,GB0033113456
2367,Pace Ord Shs,PIC.L^A16,PIC,GB0006672785
7563,Pace Micro Tech Common Stock,PIC.L^G96,PIC,GB0006672900
12318,Sygen Intl Ordinary,PII.L^K01,PII,nan
7562,Pilot Investment Trust PLC Common Stock,PII.L^G97,PII,GB0006888605
12126,Prism Rail Common Stock,PIM.L^J00,PIM,nan
2364,Plant Impact Ord Shs,PIM.L^C18,PIM,GB00B1F4K366
7560,Pirelli SpA Common Stock,PIRIq.L^H03,PIRIq,IT0000088457
2362,Pirelli Tyre Common Stock,PIRIq.L^D97,PIRIq,NL0000377117
10539,Parkman Group Common Stock,PKN.L^J03,PKN,nan
2357,Perkins Foods Common Stock,PKN.L^C01,PKN,GB0002567518
12391,Pelican Group Common Stock,PLN.L^J96,PLN,nan
12850,Planit Holdings Ord Shs,PLN.L^L06,PLN,nan
582,Pineapple Power Corporation PLC,PNPL.L,PNPL,GB00BD0SN947
11468,Pennant Props Common Stock,PNPL.L^J90,PNPL,nan
2338,Peninsular And Oriental Steam Navigation Deferred Ord Shs,POA.L^C06,POA,GB00B0S8BW40
10313,Po Na Na Group Common Stock,POA.L^J03,POA,GB0006938756
7526,Portman Ord Shs,POR.L^G04,POR,AU000000PMM1
5453,7 Group Common Stock,POR.L^F00,POR,GB0009365148
13429,Prospect Inds Common Stock,PPI.L^L97,PPI,nan
5452,Premier Pacific Ord Shs,PPI.L^E07,PPI,IE0009195268
5451,Prophotonix Reg S Ord Shs,PPIR.L^F15,PPIR,USU743121068
7521,Prophotonix Ord Shs,PPIR.L^I18,PPIR,USU743121142
12899,Premier Renewable Energy Fund Ord Shs,PRF.L^L10,PRF,nan
2318,Partridge Fine Ord Shs,PRF.L^B06,PRF,GB0006732316
2316,Prog Geared IT Common Stock,PRG.L^C04,PRG,GB0008798240
12835,Paragon Diamonds Ord Shs,PRG.L^L15,PRG,nan
5448,Premier Resrch Ord Shs,PRG.L^F08,PRG,GB00B03XM769
5447,PRI Group Common Stock,PRI.L^F03,PRI,GB0031711632
13335,Practical Inv Common Stock,PRI.L^L93,PRI,nan
12885,Palandri Ord Shs,PRI.L^L06,PRI,nan
7512,Prolific Income PLC Common Stock,PRI.L^G00,PRI,GB0006972755
2314,Premiere Group Common Stock,PRM.L^A98,PRM,GB0006927643
1310,Proteome Sciences PLC,PRM.L,PRM,GB0003104196
10404,Global Property Support Network Ord Shs,PSH.L^J06,PSH,nan
7505,Padang Senang Common Stock,PSH.L^G01,PSH,GB0006665656
12125,Mediwatch Ord Shs,PST.L^J00,PST,nan
7500,Portrait Software Ord Shs,PST.L^H10,PST,GB0031918716
5444,Primesight PLC Common Stock,PST.L^E99,PST,GB0000452507
13201,Protagona Common Stock,PTG.L^L02,PTG,nan
2297,Planestation Group Ord Shs,PTG.L^B07,PTG,GB00B02TW206
2296,Porth Group PLC Common Stock,PTG.L^C95,PTG,GB0006956337
12851,Promethean Ord Shs,PTH.L^L14,PTH,nan
7494,PPL Therapeutics Ord Shs,PTH.L^G04,PTH,GB0006657448
10464,Photo-Scan Common Stock,PTO.L^K04,PTO,nan
7491,Partco Group PLC Common Stock,PTO.L^H99,PTO,GB0006731672
5441,Protonex Tech Ord Shs,PTX.L^F10,PTX,USU743101003
2291,Pentex Oil PLC Common Stock,PTX.L^A96,PTX,nan
12428,Pure Entertain Common Stock,PUR.L^K01,PUR,nan
2288,Pure Gold Mining Ord Shs,PUR.L^B23,PUR,CA74624E1007
2289,Pure Wafer Ord Shs,PUR.L^A16,PUR,GB00BG5GTX01
10478,Pinewood Group Ord Shs,PWS.L^J16,PWS,nan
7475,PWS Holdings PLC Common Stock,PWS.L^I00,PWS,GB0006660715
1171,Quadrise PLC,QED.L,QED,GB00B11DDB67
10207,Quintain Estates and Development Ord Shs,QED.L^J15,QED,GB0007184442
10525,Raven Mount Ord Shs,RAV.L^J08,RAV,nan
5426,Raven Property Group Limited,RAV.L^F22,RAV,GB00B0D5V538
5427,Raven Mount Group Ord Shs,RAV.L^F09,RAV,GB00B3CRHN14
231,Revolution Bars Group PLC,RBG.L,RBG,GB00BVDPPV41
5424,Rensburg Sheppards Ord Shs,RBG.L^F10,RBG,GB00B0712D26
7452,Rea Brothers Common Stock,RBG.L^I99,RBG,GB0007271728
2245,RDL Group Ord Shs,RDL.L^D03,RDL,GB0007352494
2246,RDL Realisation Plc,RDL.L^B21,RDL,GB00BW4NPD65
2247,Redline Communications Group Ord Shs,RDL.L^A09,RDL,CA7576374002
2240,Red Squared Ord Shs,RDS.L^A08,RDS,GB0002892635
11637,Radius PLC Common Stock,RDS.L^K98,RDS,nan
2239,Redde Ord Shs,REDD.L^B20,REDD,GB00BLWF0R63
965,Redde Northgate PLC,REDD.L,REDD,GB00B41H7391
7434,RDF Group Ord Shs,RFG.L^G09,RFG,GB0008246752
12474,Rainford Group Common Stock,RFG.L^J96,RFG,nan
7432,Ranger Oil Ltd Common Stock,RGO.L^H00,RGO,CA7528051013
1457,Riverfort Global Opportunities PLC,RGO.L,RGO,GB00BKKD0862
7427,RCO Holdings PLC Common Stock,RHL.L^I00,RHL,GB0007183816
7428,Redhall Group Ord Shs,RHL.L^G19,RHL,GB0001112035
2222,Ranks Hovis Common Stock,RHM.L^B93,RHM,GB0007247868
2221,RHM Ord Shs,RHM.L^C07,RHM,GB00B09Z0V67
562,Round Hill Music Royalty Fund Ltd,RHM.L,RHM,GG00BMXNVC81
2209,RM Secured Direct Lending C,RMDLc.L^C18,RMDLc,GB00BD884W63
7417,RM Secured Direct Lending Ord C Shs,RMDLc.L^G18,RMDLc,GB00BFX12M00
373,Rockpool Acquisitions PLC,ROC.L,ROC,GB00BF2MWC40
10290,Roc Oil Company Ord Shs,ROC.L^K09,ROC,AU000000ROC4
1408,Sportech PLC,ROD.L,ROD,GB00B28ZPV64
7410,Sportech Ord Shs,ROD.L^I00,ROD,GB00B28ZPV64
5397,Romag Holdings Ord Shs,ROM.L^E11,ROM,GB0033665729
7406,Romtec PLC Common Stock,ROM.L^G00,ROM,GB0007485930
2190,Vodafone Group Ord Shs,RTG.L^B92,RTG,GB00BH4HKS39
2189,Thirdforce Ord Shs,RTG.L^B98,RTG,IE0002242869
1103,Restaurant Group PLC,RTN.L,RTN,GB00B0YG1K06
2186,RTS Networks Ord Shs,RTN.L^C02,RTN,GB0009369900
7371,Salehurst PLC Common Stock,SAL.L^H99,SAL,GB0007718348
1374,Spaceandpeople PLC,SAL.L,SAL,GB00BPQDJM21
2170,South America Fd Common Stock,SAR.L^C99,SAR,ANN814981109
1377,Sareum Holdings PLC,SAR.L,SAR,GB00BMC3RJ87
7362,Shell Class B Ord Shs,SC.L^G93,SC,GB00B03MM408
2159,Supercart Ord Shs,SC.L^A13,SC,GB0034211036
13245,Scudder Latin America Investment Trust PLC Common Stock,SCD.L^L00,SCD,nan
7359,Scott Tod Ord Shs,SCD.L^I06,SCD,GB0032280363
5369,Snackhouse Common Stock,SCK.L^E02,SCK,GB0000917707
7355,Schroder Korea Fund PLC Common Stock,SCK.L^G99,SCK,GB0007901852
2155,Scotty Group Ord Shs,SCO.L^D13,SCO,AT0000A0V6L3
11741,Scottish Heritable Trust PLC Common Stock,SCO.L^K93,SCO,nan
13762,Glow Comms Common Stock,SDT.L^L99,SDT,nan
5363,Aerodrome Group Ord Shs,SDT.L^E03,SDT,IL0003630105
13274,Spandex Ord Shs,SDX.L^L96,SDX,nan
12577,SDX Business Sys Common Stock,SDX.L^J98,SDX,nan
10047,Sondex Ord Shs,SDX.L^J07,SDX,GB0033047100
301,SDX Energy PLC,SDX.L,SDX,GB00BJ5JNL69
1206,Strategic Equity Capital PLC,SEC.L,SEC,GB00B0BDCB21
7347,Second Consolidated Trust PLC Common Stock,SEC.L^H99,SEC,GB0007909145
5362,SR Europe Investment Trust Ord Shs,SEIT.L^E12,SEIT,GB0030668940
499,SDCL Energy Efficiency Income Trust PLC,SEIT.L,SEIT,GB00BGHVZM47
2139,Sequoia Economic Infrastructure Income Fund Limited C Ord Shs,SEQIc.L^C16,SEQIc,GG00BYP6HV03
10535,Sequoia Economic Infrastructure Income Fund Ord Shs,SEQIc.L^K16,SEQIc,nan
2137,Servelec Group Ord Shs,SERV.L^A18,SERV,GB00BFRBTP86
2138,Servocell Grp Ord Shs,SERV.L^A08,SERV,GB00B0WFWK60
11519,Strategic Global Ord Shs,SGB.L^J06,SGB,nan
7328,SGB Group PLC Common Stock,SGB.L^G00,SGB,GB0007651275
2127,Springhealth Lei Ordinary Shares,SGLA.L^C05,SGLA,GB00B05BQ217
5355,Summit Germany Assd Ord Shs,SGLA.L^F09,SGLA,GG00B3QTYV06
7321,Southern Bus Common Stock,SGP.L^G95,SGP,GB0008291865
7320,Sanctuary Group Ord Shs,SGP.L^I07,SGP,GB00B0Y6NC65
7315,Safe Harbour Holdings Ord Shs,SHH.L^H20,SHH,JE00BF03FZ36
7314,Scot High Htls Common Stock,SHH.L^I99,SHH,GB0007065021
7311,Scholl PLC Common Stock,SHL.L^H98,SHL,GB0003237186
10509,SHL Group Ord Shs,SHL.L^K06,SHL,nan
2100,Spectrum Interac Ord Shs,SIN.L^D10,SIN,GB00B07BZ552
2101,Sterling Inds Common Stock,SIN.L^B00,SIN,GB0008460007
12883,Sanditon Investment Trust PLC,SIT.L^L19,SIT,nan
11858,Leicester City Common Stock,SIT.L^J97,SIT,nan
7297,Solar Integrated Technologies Ord Shs,SIT.L^H09,SIT,USU8340P1031
7294,Schroder Japanese Warrant Fund Ltd Common Stock,SJP.L^G98,SJP,GB0007896110
1508,St James's Place PLC,SJP.L,SJP,GB0007669376
11193,Sky Assd Ord Shs,SKYA.L^K18,SKYA,nan
2094,Skywest Airlines Ord Shs,SKYA.L^D13,SKYA,SG9999002018
12232,Smith New Court Common Stock,SMH.L^J95,SMH,nan
7274,Sinclair Mntrose Common Stock,SMH.L^I99,SMH,GB0008557729
2067,Supporta Ord Shs,SOR.L^C10,SOR,GB0032703059
5339,Sports & Outdoor Common Stock,SOR.L^F00,SOR,GB0003050399
1516,Sound Energy PLC,SOU.L,SOU,GB00B90XFF12
11015,News Comms & Med Common Stock,SOU.L^K98,SOU,nan
2064,Hellenic Dynamics Ord Shs,SPC.L^B22,SPC,GB00B3CQW227
2063,Sec Pac Common Stock,SPC.L^D92,SPC,US8148231009
13433,Sportscard Group Ord Shs,SPC.L^L01,SPC,nan
5338,Scot Pride Hldgs Common Stock,SPD.L^E97,SPD,GB0007899908
12816,SPC Holdings Common Stock,SPD.L^L05,SPD,nan
5337,Sprefs UK Com Common Stock,SPF.L^E05,SPF,IE0033849617
2061,Sharpe & Fisher Common Stock,SPF.L^B00,SPF,GB0008003294
2060,Spargos Mining Common Stock,SPG.L^C92,SPG,nan
7248,Spargo Consult Common Stock,SPG.L^H98,SPG,GB0008330689
5336,Springboard Ord Shs,SPG.L^F06,SPG,GB0003520680
7245,Braemar Ord Shs,SPH.L^H02,SPH,GB0000600931
10126,Sinclair Is Pharma Ord Shs,SPH.L^K18,SPH,GB0033856740
12755,Spice Ord Shs,SPI.L^L10,SPI,nan
191,Spire Healthcare Group PLC,SPI.L,SPI,GB00BNLPYF73
1177,Spirent Communications plc,SPT.L,SPT,GB0004726096
2055,Seaperfect Ord Shs,SPT.L^A96,SPT,GB0007919060
7235,Singapore Para Ord Shs,SRB.L^G01,SRB,GB0008106071
1225,Serabi Gold PLC,SRB.L,SRB,GB00BG5NDX91
11866,Sheriff Holdings Common Stock,SRF.L^J97,SRF,nan
10049,Surfcontrol Ord Shs,SRF.L^J07,SRF,GB0002901790
7231,Southern Rock Ordinary Shares,SRO.L^G06,SRO,GB00B09Z4701
7230,Spitfire Oil Ord Shs,SRO.L^I20,SRO,BMG836741048
13495,Television Corp Ord Shs,SSV.L^L95,SSV,nan
5324,Siteserv Ord Shs,SSV.L^F12,SSV,IE00B1FWGK93
12823,Scisys Group Ord Shs,SSY.L^L19,SSY,nan
2042,SCS Satellite Common Stock,SSY.L^C97,SSY,GB0007642431
1385,Star Energy Group PLC,STAR.L,STAR,GB00BZ042C28
2041,Star Energy Group Ord Shs,STAR.L^C08,STAR,GB00B00W1F70
7213,Stentor PLC Common Stock,STN.L^H00,STN,IE0008450300
10302,Setstone Common Stock,STN.L^K04,STN,GB0008528928
12038,Stone Container Common Stock,STOq.L^K98,STOq,nan
7212,Santos Ord Shs,STOq.L^G94,STOq,AU000000STO6
2035,Stepstone Ord Shs,STP.L^A10,STP,NO0010010473
13520,Travelers Companies Ord Shs,STP.L^L96,STP,nan
448,Supreme PLC,SUP.L,SUP,GB00BDT89C08
2028,Highway Capital Ord Shs,SUP.L^A01,SUP,GB0008579384
2027,Seven Arts Entertainment Ord Shs,SVA.L^C07,SVA,US81783N5086
13116,Solvera PLC Common Stock,SVA.L^L97,SVA,nan
12137,Save Group PLC Common Stock,SVE.L^K01,SVE,nan
1025,Starvest PLC,SVE.L,SVE,GB0009619817
7189,Pennon Group Ord Shs,SWW.L^H98,SWW,GB00BNNTLN49
2022,Swallow Group Common Stock,SWW.L^D00,SWW,GB0009272286
2018,Speymill Ord Shs,SYG.L^B15,SYG,IM00B1ZBDN89
13540,Systems Int Common Stock,SYG.L^L01,SYG,nan
2015,Synchronica ASSD Myraid Ord Shs,SYNA.L^A13,SYNA,GB00B750P649
10855,Synstar PLC Common Stock,SYNA.L^J04,SYNA,nan
91,SysGroup PLC,SYS.L,SYS,GB00BYT18182
5307,System C Healthcare Ord Shs,SYS.L^E11,SYS,GB00B0940H91
7181,Therapeutic Anti Common Stock,TAB.L^I99,TAB,US88337M1009
1701,Becket Invest PLC,TAB.L,TAB,GB00BMWKKL25
7165,Tele Cine Cell Common Stock,TCG.L^H98,TCG,GB0008814435
7164,Thomas Cook Group Ord Shs,TCG.L^I19,TCG,GB00B1VYCH82
12430,Terence Chapman Common Stock,TCG.L^K02,TCG,nan
10765,TeleCity Ord Shs,TCY.L^J05,TCY,nan
1999,Telecity Group Ord Shs,TCY.L^A16,TCY,GB00B282YM11
1995,Tepnel Life SC Ord Shs,TED.L^D09,TED,GB0008841859
10055,Ted Baker Ord Shs,TED.L^J22,TED,GB0001048619
5298,Energy Group PLC Common Stock,TEG.L^F98,TEG,GB0003132478
355,Ten Entertainment Group PLC,TEG.L,TEG,GB00BF020D33
7159,Telegraph PLC Common Stock,TEL.L^G96,TEL,GB0002505823
7160,Telephone Maint Ord Shs,TEL.L^G07,TEL,GB00B19GGM94
1620,Thalassa Holdings Ltd,THAL.L,THAL,VGG878801114
7149,Thornton Asian Emerging Markets Investment Trust PLC Common Stock,THAL.L^I93,THAL,GB0008902560
13262,Investment Mgmt Common Stock,THS.L^L92,THS,nan
7146,Thales Ord Shs,THS.L^G03,THS,FR0000121329
7140,Timestrip Ord Shs,TIME.L^G10,TIME,GB00B067M199
1097,Time Finance PLC,TIME.L,TIME,GB00BCDBXK43
13022,2 Travel Group Common Stock,TLG.L^L04,TLG,nan
13088,TLG Ord Shs,TLG.L^L98,TLG,nan
1966,Talarius Ord Shs,TLS.L^B07,TLS,GB00B06K3158
11021,TLS Range PLC Common Stock,TLS.L^J97,TLS,nan
11620,Dennis Group Common Stock,TNY.L^J97,TNY,nan
11886,Your Space Ord Shs,TNY.L^K01,TNY,nan
7119,Thomson Reuters Ord Shs,TOC.L^H93,TOC,CA8849038085
13170,Tom Cobleigh PLC Common Stock,TOC.L^L96,TOC,nan
1955,Top Creation Investments Ord Shs,TOPC.L^A15,TOPC,JE00B5Q9HB52
1954,Topdanmark Ord Shs,TOPC.L^C97,TOPC,DK0060477503
737,Tertre Rouge Assets PLC,TRA.L,TRA,GB00BNHN6S26
7103,Tracker Network Ord Shs,TRA.L^I99,TRA,GB0008921669
7092,Thames River Multi Hedge PCC GBX Ord Shs,TRMc.L^H07,TRMc,GG00B1Z49739
12645,Thames River Multi Hedge PCC-C Sterling NPV Ord Shs,TRMc.L^K06,TRMc,nan
1928,Thames River Multi Hedge C Sterling Ord Shs,TRMc.L^A08,TRMc,GG00B28CR776
1927,Thames River Multi Hedge C Euro Ord Shs,TRMcu.L^A08,TRMcu,GG00B28CR990
11171,Thames River Multi Hedge PCC C USD Open Fund,TRMcu.L^K06,TRMcu,nan
11398,Thames River Multi Hedge PCC-C Euro NPV Ord Shs,TRMcx.L^K06,TRMcx,nan
1926,Thames River Multi Hedge C Dollar Ord Shs,TRMcx.L^A08,TRMcx,GG00B28CR883
430,TruFin PLC,TRU.L,TRU,JE00BYVWJZ03
7086,Henderson Smaller Companies Investment Trust PLC,TRU.L^I97,TRU,GB0009065060
7085,Thomson Travel Depository Receipt,TRV.L^I00,TRV,GB0002706652
11376,Schroder Asian Total Return Investment Co PLC,TRV.L^K97,TRV,nan
7084,Torex Retail Ord Shs,TRX.L^G07,TRX,GB0034291632
1304,Tissue Regenix Group PLC,TRX.L,TRX,GB00BNTXR104
7082,TSB Banking Group Ord Shs,TSB.L^G15,TSB,GB00BMQX2Q65
13079,Lloyds TSB Common Stock,TSB.L^L95,TSB,nan
1430,TT electronics PLC,TTG.L,TTG,GB0008711763
5277,TT Electronics Ord Shs,TTG.L^E01,TTG,GB0008711763
7070,TTG Europe Common Stock,TTL.L^I05,TTL,GB0004395850
13769,Progility Ord Shs,TTL.L^L01,TTL,nan
10489,Time Warner Ord Shs,TWXq.L^K07,TWXq,nan
10994,Time Warner Inc Common Stock,TWXq.L^J96,TWXq,nan
7055,Texas Instrument Ord Shs,TXN.L^H96,TXN,US8825081040
7056,TranXenoGen Common Stock,TXN.L^G05,TXN,USU893951041
5271,United Biscuits Common Stock,UBIS.L^F00,UBIS,GB0002707957
1906,United Biscuits,UBIS.L^D01,UBIS,nan
7049,United Carriers Common Stock,UCG.L^H99,UCG,GB0009256750
1902,United Carpets Group Ord Shs,UCG.L^A21,UCG,GB00B05J4D26
5269,United Clearing Ord Shs,UCL.L^E06,UCL,GB0032060872
10270,Universal Coal Ord Shs,UCL.L^K08,UCL,GB00B0704D34
1900,Unocal Corp Common Stock,UCLq.L^A00,UCLq,US9152891027
1899,UCL Resources Ord Shs,UCLq.L^A09,UCLq,AU000000UCL4
7045,Utilico Emerging Markets Ord Shs,UEMc.L^G06,UEMc,BMG931151226
1894,Utilico Emerging Mkts C Ord Shs,UEMc.L^C08,UEMc,BMG931071119
10320,Vernalis Ord Shs,VER.L^J18,VER,GB00B3Y5L754
7010,Vero Group PLC Common Stock,VER.L^H98,VER,GB0009333443
102,Versarien PLC,VRS.L,VRS,GB00B8YZTJ80
13600,Metaltech Intl Common Stock,VRS.L^L96,VRS,nan
1583,Vertu Motors PLC,VTU.L,VTU,GB00B1GK4645
1818,Virtuality Common Stock,VTU.L^A98,VTU,GB0009293100
62,Worldlink Group PLC,WGP.L,WGP,GB00B3P21X12
1795,World Gaming Ord Shs,WGP.L^D07,WGP,GB00B07RW076
6956,Weeks Group Common Stock,WGP.L^G03,WGP,GB0009462895
5230,Wills Group PLC Common Stock,WLG.L^F95,WLG,GB0009688077
10531,Wireless Group Ord Shs,WLG.L^J16,WLG,nan
1775,Wellman PLC Common Stock,WLL.L^D98,WLL,GB0009476796
6948,Willington Common Stock,WLL.L^G04,WLL,GB0004491642
5225,Weston Medical Common Stock,WMG.L^F05,WMG,GB0003821625
11953,Waste Management Common Stock,WMG.L^K98,WMG,nan
6945,Alumina Ltd Common Stock,WMNG.L^G95,WMNG,nan
11126,Alumina Ord Shs,WMNG.L^K95,WMNG,nan
6930,Woodside Energy Group Ord Shs,WPL.L^H96,WPL,AU0000224040
11487,Workplace Tech Common Stock,WPL.L^J99,WPL,nan
1293,Westminster Group PLC,WSG.L,WSG,GB00B1XLC220
6925,SG Warburg Grp Common Stock,WSG.L^G95,WSG,GB0005806103
10691,Westcity Ord Shs,WTC.L^K09,WTC,nan
13738,Provalis Common Stock,WTC.L^L91,WTC,nan
5212,World Travel Hld Common Stock,WTL.L^F04,WTL,GB0033478560
1742,Waterlogic Ord Shs,WTL.L^A15,WTL,JE00B3X52W88
11467,Woolwich Common Stock,WWH.L^J00,WWH,nan
1648,Worldwide Healthcare Trust PLC,WWH.L,WWH,GB0003385308
1721,eXpansys Ord Shs,XPS.L^D14,XPS,GB00B1VMLL97
342,XPS Pensions Group PLC,XPS.L,XPS,GB00BDDN1T20
1707,Astrazeneca Ord Shs,ZEN.L^D99,ZEN,GB0009895292
6900,Zen Research Ord Shs,ZEN.L^G02,ZEN,GB0006704695
