index,RIC
0,CGIq.L^D99
1,0003q.L^J08
2,0010q.L^J08
3,0020q.L^J08
4,0023q.L^J08
5,0041q.L^J08
6,0054q.L^J08
7,0083q.L^J08
8,0101q.L^J08
9,0166q.L^A97
10,0267q.L^J08
11,0291q.L^J08
12,0330q.L^J08
13,0363q.L^J08
14,0504q.L^D05
15,0511q.L^A98
16,0525q.L^J08
17,0557q.L^A01
18,0762q.L^J08
19,0992q.L^J08
20,0A19.L^D23
21,0A3Y.L^C19
22,0A7A.L^A23
23,0A85.L^C23
24,0A97.L^B23
25,0AGT.L^C19
26,0B5W.L^B22
27,0BCR.L^C23
28,0DFI.L^A08
29,0DG7.L^D10
30,0DHK.L^B11
31,0DHS.L^D10
32,0DHW.L^D17
33,0DJ9.L^A08
34,0DK3.L^D09
35,0DK5.L^A08
36,0DKM.L^D10
37,0DNG.L^A08
38,0DOU.L^A08
39,0DQG.L^C16
40,0DRM.L^D22
41,0DW3.L^D10
42,0DXD.L^C15
43,0DY0.L^D10
44,0DYU.L^A08
45,0DZ3.L^C22
46,0E0C.L^A23
47,0E3W.L^D15
48,0E40.L^C23
49,0E4K.L^A08
50,0E65.L^D21
51,0E87.L^C19
52,0E8A.L^A21
53,0E94.L^D10
54,0EAT.L^D21
55,0ECX.L^C09
56,0EDH.L^D10
57,0EDM.L^D22
58,0EED.L^B09
59,0EEU.L^A22
60,0EF3.L^A08
61,0EF9.L^D21
62,0EGU.L^A08
63,0EIA.L^A22
64,0EID.L^C19
65,0EJK.L^D10
66,0EJY.L^C19
67,0ELN.L^D21
68,0EM4.L^C19
69,0EMR.L^C19
70,0EO4.L^D10
71,0EOJ.L^A08
72,0EQB.L^C09
73,0ERP.L^A11
74,0ERU.L^A08
75,0ERV.L^D10
76,0ESQ.L^A08
77,0ET6.L^A08
78,0EX8.L^D09
79,0EXQ.L^D21
80,0EXT.L^D10
81,0F11.L^A10
82,0F6E.L^A08
83,0F6I.L^B23
84,0F7P.L^D21
85,0F89.L^D22
86,0FA6.L^D10
87,0FAU.L^C09
88,0FB8.L^D20
89,0FDI.L^A09
90,0FF0.L^D21
91,0FGN.L^A08
92,0FIE.L^B22
93,0FIP.L^D10
94,0FIW.L^A08
95,0FJ3.L^B09
96,0FJO.L^D10
97,0FM2.L^C23
98,0FR0.L^C20
99,0FSV.L^A08
100,0FX5.L^A23
101,0FXK.L^D10
102,0FYL.L^D10
103,0FZM.L^A08
104,0G0J.L^D10
105,0G0Q.L^C19
106,0G3U.L^K19
107,0G4J.L^A21
108,0G5M.L^D17
109,0G6U.L^D10
110,0G8E.L^D10
111,0G8X.L^A08
112,0GAN.L^D21
113,0GC7.L^C19
114,0GCZ.L^D21
115,0GD4.L^D10
116,0GEB.L^A08
117,0GGZ.L^A08
118,0GIG.L^C09
119,0GIK.L^D10
120,0GKF.L^B21
121,0GKL.L^C19
122,0GM4.L^C09
123,0GMB.L^A08
124,0GMD.L^A08
125,0GMG.L^A08
126,0GMI.L^A08
127,0GMQ.L^A08
128,0GMT.L^A08
129,0GMV.L^A08
130,0GMW.L^B21
131,0GN3.L^A08
132,0GN7.L^A08
133,0GN8.L^A08
134,0GNH.L^A08
135,0GNJ.L^A08
136,0GNK.L^A08
137,0GNR.L^A08
138,0GNS.L^A08
139,0GNU.L^A08
140,0GNV.L^A08
141,0GO1.L^A08
142,0GO3.L^A08
143,0GO4.L^A23
144,0GO6.L^A08
145,0GO8.L^A08
146,0GOB.L^A08
147,0GOD.L^D10
148,0GOF.L^A08
149,0GOG.L^A08
150,0GOH.L^A08
151,0GOM.L^A08
152,0GOS.L^A08
153,0GOW.L^A08
154,0GOY.L^A08
155,0GP1.L^A08
156,0GP2.L^A08
157,0GP3.L^A08
158,0GP7.L^A08
159,0GPA.L^A08
160,0GPB.L^A08
161,0GPD.L^A08
162,0GPI.L^A08
163,0GPJ.L^A08
164,0GPL.L^A08
165,0GPW.L^A08
166,0GPZ.L^A08
167,0GQ5.L^A08
168,0GQB.L^A08
169,0GQE.L^A08
170,0GQL.L^D18
171,0GQM.L^A08
172,0GQN.L^A08
173,0GQO.L^A08
174,0GQT.L^A08
175,0GQU.L^A08
176,0GQY.L^A08
177,0GR0.L^A08
178,0GR1.L^B21
179,0GR2.L^A08
180,0GR3.L^A08
181,0GR9.L^A08
182,0GRE.L^A08
183,0GRO.L^A08
184,0GRP.L^A08
185,0GRR.L^A08
186,0GRY.L^A08
187,0GRZ.L^A08
188,0GS2.L^A08
189,0GS3.L^A08
190,0GS5.L^A08
191,0GSB.L^A08
192,0GSE.L^A08
193,0GSH.L^A08
194,0GSI.L^A08
195,0GSQ.L^A08
196,0GSS.L^A08
197,0GT0.L^A08
198,0GT3.L^A08
199,0GT8.L^A08
200,0GTC.L^A08
201,0GTE.L^A08
202,0GTL.L^A08
203,0GTM.L^A08
204,0GTN.L^A08
205,0GTP.L^A08
206,0GTQ.L^A08
207,0GTW.L^A08
208,0GTX.L^A08
209,0GU6.L^A08
210,0GU8.L^A08
211,0GUA.L^A08
212,0GUE.L^A08
213,0GUH.L^A08
214,0GUI.L^A08
215,0GUJ.L^A08
216,0GUN.L^A08
217,0GUO.L^A08
218,0GUR.L^A08
219,0GUT.L^B21
220,0GUX.L^A08
221,0GUZ.L^A08
222,0GV3.L^A08
223,0GV4.L^A08
224,0GV5.L^A08
225,0GVA.L^A08
226,0GVD.L^A08
227,0GVE.L^B21
228,0GVF.L^A08
229,0GVI.L^A08
230,0GVJ.L^A08
231,0GVS.L^A08
232,0GVU.L^A08
233,0GVV.L^A08
234,0GVY.L^A08
235,0GVZ.L^A08
236,0GW2.L^B18
237,0GW3.L^A08
238,0GW6.L^A08
239,0GW7.L^A08
240,0GWB.L^A08
241,0GWI.L^A08
242,0GWK.L^A08
243,0GWP.L^A08
244,0GWR.L^A08
245,0GWS.L^A08
246,0GWV.L^A08
247,0GWW.L^A08
248,0GWX.L^A08
249,0GX5.L^A08
250,0GXD.L^A08
251,0GXH.L^A08
252,0GXK.L^A08
253,0GXL.L^A08
254,0GXM.L^A08
255,0GXO.L^A08
256,0GXQ.L^A08
257,0GXX.L^A08
258,0GY0.L^A08
259,0GY1.L^A08
260,0GY2.L^A08
261,0GY4.L^A08
262,0GY7.L^A08
263,0GY9.L^A08
264,0GYB.L^A08
265,0GYJ.L^A08
266,0GYS.L^A08
267,0GYU.L^C19
268,0GYV.L^A08
269,0GZ9.L^A08
270,0GZB.L^A08
271,0GZC.L^A08
272,0GZE.L^A08
273,0GZG.L^A08
274,0GZH.L^A08
275,0GZM.L^A08
276,0GZO.L^A08
277,0GZQ.L^A08
278,0GZU.L^A08
279,0GZZ.L^A08
280,0H05.L^D10
281,0H07.L^A08
282,0H08.L^A17
283,0H0A.L^A08
284,0H0C.L^A08
285,0H0D.L^A08
286,0H0F.L^A08
287,0H0G.L^A08
288,0H0K.L^A08
289,0H0L.L^A08
290,0H0N.L^A08
291,0H0P.L^A08
292,0H0U.L^A08
293,0H0W.L^A08
294,0H11.L^A08
295,0H13.L^A08
296,0H14.L^A08
297,0H15.L^A08
298,0H16.L^A08
299,0H19.L^A08
300,0H1E.L^A08
301,0H1L.L^A08
302,0H1N.L^A08
303,0H1P.L^A08
304,0H1Q.L^A08
305,0H1S.L^A08
306,0H20.L^A08
307,0H21.L^A08
308,0H22.L^A08
309,0H25.L^A08
310,0H26.L^A08
311,0H29.L^A08
312,0H2A.L^A08
313,0H2E.L^A08
314,0H2F.L^A08
315,0H2G.L^A08
316,0H2J.L^A08
317,0H2N.L^A08
318,0H2W.L^A08
319,0H2Y.L^A08
320,0H2Z.L^A08
321,0H30.L^A08
322,0H32.L^A08
323,0H34.L^A08
324,0H36.L^A08
325,0H37.L^A08
326,0H38.L^A08
327,0H3B.L^A08
328,0H9Q.L^A08
329,0HB7.L^D23
330,0HFD.L^D21
331,0HFJ.L^C09
332,0HGL.L^A08
333,0HGS.L^D17
334,0HI0.L^C20
335,0HJ7.L^D19
336,0HK0.L^D21
337,0HKS.L^D19
338,0HO1.L^D10
339,0HPO.L^B08
340,0HPP.L^B08
341,0HPR.L^B08
342,0HPS.L^B08
343,0HQX.L^C19
344,0HQY.L^A19
345,0HRV.L^C20
346,0HTX.L^D10
347,0HU4.L^C18
348,0HUI.L^A22
349,0HUU.L^B19
350,0HVI.L^B08
351,0HXO.L^D21
352,0HYB.L^J21
353,0HZS.L^D23
354,0HZT.L^D21
355,0I15.L^C23
356,0I1W.L^A17
357,0I2T.L^D21
358,0I3F.L^C20
359,0I3L.L^D21
360,0I3T.L^A22
361,0I5U.L^D19
362,0I7T.L^C22
363,0I8Q.L^B21
364,0I8R.L^A23
365,0I8S.L^D10
366,0I92.L^C22
367,0IA0.L^C19
368,0IAF.L^C19
369,0IAJ.L^C19
370,0IAL.L^C19
371,0IAO.L^C19
372,0IBD.L^D22
373,0IBF.L^D22
374,0ICQ.L^B21
375,0ICX.L^D10
376,0ID0.L^A23
377,0IDF.L^D09
378,0IEO.L^D21
379,0IFZ.L^D19
380,0IG1.L^D20
381,0IIU.L^C20
382,0IJA.L^D10
383,0IKM.L^D21
384,0IM7.L^K19
385,0IMP.L^D10
386,0IP9.L^D10
387,0IPC.L^D21
388,0IPO.L^B09
389,0IQH.L^D10
390,0IQL.L^C19
391,0IQT.L^C19
392,0IR7.L^C19
393,0IRC.L^C19
394,0IRQ.L^D10
395,0IUO.L^D21
396,0IV8.L^C19
397,0IVI.L^D20
398,0IVK.L^C19
399,0IVY.L^C19
400,0IWH.L^E09
401,0IXD.L^B21
402,0IZB.L^D19
403,0IZS.L^C19
404,0J00.L^K19
405,0J09.L^C19
406,0J2P.L^C19
407,0J35.L^B23
408,0J4A.L^D19
409,0J4B.L^C19
410,0J4M.L^D10
411,0J4S.L^C19
412,0J56.L^C19
413,0J5Y.L^D20
414,0J64.L^C20
415,0J7A.L^D20
416,0J7U.L^K20
417,0J99.L^C09
418,0JB5.L^B18
419,0JBM.L^B18
420,0JD7.L^D19
421,0JFP.L^A23
422,0JHD.L^C23
423,0JHK.L^C20
424,0JNY.L^B09
425,0JNZ.L^D21
426,0JOL.L^C09
427,0JPK.L^D19
428,0JQ8.L^B22
429,0JSS.L^C20
430,0JU4.L^D19
431,0JUB.L^D19
432,0JUC.L^C18
433,0JX8.L^C19
434,0JZL.L^C19
435,0K0K.L^B23
436,0K14.L^C23
437,0K1B.L^D19
438,0K1K.L^C19
439,0K2B.L^C19
440,0K2O.L^C19
441,0K2Z.L^C19
442,0K38.L^C19
443,0K3Q.L^C20
444,0K4F.L^D10
445,0K62.L^D19
446,0K77.L^B22
447,0K7L.L^C20
448,0K7P.L^C19
449,0K7Q.L^C19
450,0K8E.L^D21
451,0K9K.L^C22
452,0KAM.L^C19
453,0KAO.L^D19
454,0KC4.L^D10
455,0KCA.L^D10
456,0KCJ.L^D10
457,0KD4.L^C15
458,0KD8.L^A19
459,0KF4.L^C19
460,0KH6.L^D22
461,0KJ1.L^K19
462,0KJ3.L^D19
463,0KLH.L^D21
464,0KNT.L^A19
465,0KUI.L^C20
466,0KVO.L^C19
467,0KVQ.L^C19
468,0KYP.L^D21
469,0L3A.L^C20
470,0L48.L^D19
471,0L5Q.L^D19
472,0L8L.L^D21
473,0LAE.L^C20
474,0LCQ.L^C22
475,0LD1.L^A21
476,0LEI.L^C18
477,0LEP.L^C20
478,0LFD.L^D21
479,0LG1.L^C20
480,0LHJ.L^D21
481,0LI7N.L^D19
482,0LN5.L^J22
483,0LN9.L^A20
484,0LNK.L^D15
485,0LNU.L^C22
486,0LO8.L^K22
487,0LOG.L^J12
488,0LPF.L^D21
489,0LPI.L^D10
490,0LQ5.L^C19
491,0LR8.L^C20
492,0LRY.L^B18
493,0LT2.L^B18
494,0LVT.L^D20
495,0M0X.L^D21
496,0M2V.L^A22
497,0M3D.L^C19
498,0M3O.L^C22
499,0M42.L^D10
500,0M4R.L^C22
501,0M5R.L^C19
502,0M7S.L^C19
503,0M83.L^D21
504,0M8L.L^C19
505,0MAM.L^C13
506,0MB1.L^C19
507,0MBU.L^D10
508,0MC2.L^B20
509,0MCE.L^D21
510,0MCR.L^D21
511,0ME3.L^C19
512,0ME6.L^C19
513,0MEJ.L^C20
514,0MFT.L^A23
515,0MGN.L^J22
516,0MK4.L^D15
517,0MMD.L^B17
518,0MN2.L^C19
519,0MRD.L^C19
520,0MS7.L^D10
521,0MSA.L^B18
522,0MSF.L^D21
523,0MSG.L^B22
524,0MSU.L^D21
525,0MV7.L^C19
526,0MWV.L^A23
527,0MYU.L^C23
528,0MZV.L^C22
529,0N1M.L^B12
530,0N1Q.L^C19
531,0N2L.L^D14
532,0N34.L^C19
533,0N3Q.L^B11
534,0NA1.L^B17
535,0NBF.L^C19
536,0ND7.L^C19
537,0ND8.L^C23
538,0NFL.L^D20
539,0NFQ.L^C19
540,0NGN.L^D23
541,0NH3.L^C19
542,0NH7.L^D21
543,0NKF.L^C19
544,0NM8.L^J18
545,0NMI.L^D19
546,0NNE.L^C22
547,0NNK.L^C19
548,0NPA.L^C19
549,0NPN.L^C19
550,0NPW.L^D21
551,0NQB.L^C19
552,0NRD.L^B18
553,0NRV.L^B22
554,0NSE.L^C19
555,0NSX.L^C19
556,0NTW.L^A17
557,0NUB.L^C20
558,0NV2.L^D20
559,0NV8.L^A11
560,0NVE.L^D16
561,0NWA.L^A23
562,0NWB.L^A23
563,0NWR.L^A17
564,0NYK.L^B18
565,0O0H.L^C19
566,0O1T.L^D22
567,0O23.L^C17
568,0O2D.L^A16
569,0O2Y.L^B18
570,0O3N.L^A22
571,0O3O.L^D21
572,0O4J.L^D21
573,0O60.L^D21
574,0O6E.L^K19
575,0O7T.L^D19
576,0O8R.L^C19
577,0OAV.L^C19
578,0OAX.L^C19
579,0OAZ.L^C19
580,0OB0.L^D15
581,0OBT.L^C19
582,0OBZ.L^C20
583,0OCK.L^D21
584,0OCP.L^C19
585,0OD5.L^D21
586,0ODC.L^A17
587,0ODF.L^C19
588,0ODJ.L^K21
589,0ODL.L^C20
590,0OEE.L^C19
591,0OF0.L^C19
592,0OFJ.L^C19
593,0OG4.L^D19
594,0OGI.L^C19
595,0OGO.L^C23
596,0OGZ.L^C19
597,0OHL.L^B22
598,0OI1.L^C19
599,0OIX.L^D21
600,0OJP.L^C19
601,0OJR.L^D21
602,0OJT.L^C19
603,0OJV.L^D21
604,0OKI.L^C19
605,0OL0.L^C23
606,0OL5.L^C19
607,0OMM.L^C19
608,0OMX.L^C21
609,0ONF.L^C19
610,0OOK.L^C19
611,0OOT.L^C19
612,0OP3.L^C19
613,0OP4.L^C19
614,0OPT.L^D21
615,0OPW.L^D22
616,0OQF.L^D21
617,0OQM.L^D20
618,0OQR.L^A22
619,0P1A.L^C19
620,0P1R.L^C11
621,0P2I.L^C19
622,0P2R.L^D21
623,0P2U.L^D21
624,0P35.L^D11
625,0P3N.L^K22
626,0P4Z.L^K19
627,0P6G.L^J20
628,0Q2S.L^K20
629,0Q2U.L^A19
630,0Q31.L^C22
631,0Q34.L^C19
632,0Q39.L^D21
633,0Q3F.L^D21
634,0Q3O.L^C19
635,0Q3U.L^C23
636,0Q4B.L^C19
637,0Q4I.L^B21
638,0Q4O.L^D20
639,0Q4Z.L^D21
640,0Q61.L^C18
641,0Q68.L^D21
642,0Q6E.L^D21
643,0Q6F.L^C19
644,0Q6N.L^A15
645,0Q6Z.L^C19
646,0Q79.L^C19
647,0Q7A.L^C19
648,0Q7H.L^C19
649,0Q7K.L^D20
650,0Q86.L^C19
651,0Q97.L^D21
652,0QB9.L^B17
653,0QC6.L^D23
654,0QCW.L^D21
655,0QDG.L^C19
656,0QDZ.L^D15
657,0QEQ.L^F21
658,0QF3.L^C20
659,0QFB.L^D18
660,0QFZ.L^C19
661,0QG0.L^D21
662,0QHO.L^D16
663,0QHW.L^K19
664,0QIC.L^F19
665,0QID.L^C15
666,0QIN.L^B18
667,0QJ8.L^K19
668,0QJU.L^B21
669,0QKJ.L^D23
670,0QKZ.L^B21
671,0QL4.L^B21
672,0QL9.L^B21
673,0QLC.L^C19
674,0QLE.L^D23
675,0QLH.L^B21
676,0QLI.L^B21
677,0QM0.L^B21
678,0QMC.L^D23
679,0QMN.L^B21
680,0QN4.L^B21
681,0QN9.L^B21
682,0QNW.L^D21
683,0QO0.L^B21
684,0QOE.L^B21
685,0QOX.L^B21
686,0QP0.L^B21
687,0QP8.L^B21
688,0QPN.L^B21
689,0QPT.L^B21
690,0QQB.L^J20
691,0QQP.L^C18
692,0QQU.L^B21
693,0QQW.L^B21
694,0QRT.L^D19
695,0QRX.L^B19
696,0QSD.L^D21
697,0QSL.L^D21
698,0QTP.L^C20
699,0QU4.L^B21
700,0QUD.L^F20
701,0QV5.L^B22
702,0QVE.L^B21
703,0QWE.L^A23
704,0QXQ.L^A21
705,0QY1.L^A17
706,0QYT.L^A23
707,0QYW.L^D19
708,0QZ9.L^D19
709,0R00.L^F22
710,0R05.L^J19
711,0R0R.L^B19
712,0R17.L^C20
713,0R2A.L^F22
714,0R36.L^C18
715,0R3F.L^E21
716,0R42.L^A17
717,0R4L.L^A18
718,0R5G.L^D21
719,0R6J.L^A22
720,0R6N.L^B21
721,0R7E.L^A19
722,0R7I.L^E17
723,0R7Q.L^B20
724,0R8C.L^B17
725,0R8I.L^D21
726,0R8K.L^B21
727,0R8O.L^B22
728,0R8R.L^D18
729,0R8V.L^B21
730,0R8Y.L^C22
731,0R92.L^D21
732,0R9Y.L^F19
733,0RAL.L^A21
734,0RAN.L^A21
735,0RB5.L^C18
736,0RBN.L^B19
737,0RBO.L^C20
738,0RBP.L^A23
739,0RCE.L^B21
740,0RCF.L^B21
741,0RCJ.L^D17
742,0RCX.L^B21
743,0RD6.L^D22
744,0RE1.L^F16
745,0RE2.L^F16
746,0REC.L^D21
747,0REE.L^E16
748,0REM.L^B21
749,0REO.L^B21
750,0RF4.L^E16
751,0RF9.L^C23
752,0RFT.L^K19
753,0RGA.L^D22
754,0RHK.L^B21
755,0RHW.L^A23
756,0RJ1.L^C22
757,0RJ7.L^B18
758,0RJL.L^D23
759,0RJU.L^C19
760,0RJX.L^D21
761,0RK2.L^B22
762,0RK7.L^B18
763,0RKA.L^D21
764,0RKC.L^B18
765,0RKI.L^B20
766,0RKO.L^D21
767,0RKV.L^D21
768,0RMS.L^E23
769,0RNJ.L^C19
770,0ROL.L^D21
771,0ROR.L^B21
772,0RP1.L^D21
773,0RP2.L^B21
774,0RPM.L^D20
775,0RPW.L^F17
776,0RQ1.L^C21
777,0RQQ.L^C19
778,0RTN.L^B18
779,0RU1.L^E21
780,0RU9.L^B21
781,0S2F.L^E21
782,0SF5.L^C23
783,0SJQ.L^D21
784,0SU2.L^J20
786,0TCX.L^D21
787,0TCY.L^A18
788,0TKCa.L^C20
789,0U9H.L^F21
790,0UAI.L^C22
791,0UH9.L^C19
792,0UI4.L^D21
793,0UJG.L^K18
794,0UJW.L^A22
795,0UK8.L^C19
796,0ULT.L^C19
797,0UN3.L^D20
798,0UO9.L^D21
799,0UOW.L^C18
800,0UPZ.L^D20
801,0UQ0.L^B19
802,0UR5.L^A22
803,0UW3.L^D19
804,0UYG.L^D19
805,0V11I.L^D19
806,0V26.L^D19
807,0V49.L^D19
808,0V4M.L^D19
809,0V5J.L^D19
810,0V5R.L^C19
811,0V6V.L^A22
812,0V8F.L^D20
813,0VB6.L^D21
814,0VD1.L^C19
815,0VDK.L^C22
816,0VGZ.L^C19
817,0VKB.L^B21
818,0VOL.L^D19
819,0VOT.L^J20
820,0VQD.L^B21
821,0VQJ.L^B21
822,0VQS.L^B21
823,0VR2.L^B21
824,0VRQ.L^B21
825,0W1E.L^C22
826,0W2C.L^C19
827,0XUG.L^B21
828,0Y7T.L^D21
829,0YGUa.L^C23
830,0YWS.L^D21
831,0Z32.L^D20
832,0Z3O.L^C21
833,0Z6Y.L^D21
834,0ZI4.L^C19
835,1801q.L^J08
836,1925q.L^J08
837,2388q.L^J08
838,2501q.L^A03
839,2779q.L^D08
840,2914q.L^J08
841,3105.L^A03
842,31E.L^A11
843,3382q.L^J08
844,365.L^B07
845,365A.L^B07
846,365B.L^B07
847,4010.L^A03
848,4188q.L^J08
849,49BI.L^C19
850,5004q.L^C99
851,5406q.L^J08
852,5713q.L^J08
853,600011q.L^J08
854,600688q.L^J08
855,6301q.L^J08
856,6702.L^A03
857,6764.L^A03
858,6770q.L^J08
859,6773q.L^J08
860,6857q.L^J08
861,6954q.L^J08
862,6991q.L^J08
863,7011q.L^J08
864,7013q.L^J08
865,7203.L^A03
866,7713q.L^A94
867,7762q.L^A03
868,7912q.L^J08
869,7951.L^A03
870,7DIG.L^C23
871,8219q.L^A03
872,8231.L^A03
873,8305q.L^C03
874,8751.L^A03
875,8766q.L^C03
876,8830q.L^A02
877,9062q.L^J08
878,9503q.L^J08
879,9832q.L^C07
880,A9I.L^C12
881,AAAA.L^C21
882,AADVx.L^D15
883,AAGGnq.L^A03
884,AAGq.L^A00
885,AAJ.L^A97
886,AAKA.L^D09
887,AAM.L^J20
888,ABAL.L^B20
889,ABBP.L^A14
890,ABBY.L^D21
891,ABC.L^A91
892,ABCJ.L^A03
893,ABH.L^D13
894,ABIL.L^C92
895,ABLL.L^C93
896,ABRc.L^C08
897,ABRc.L^K08
898,ABSq.L^A00
899,ABU.L^B09
900,ABUAA.L^B09
901,ABZA.L^J18
902,ACCObq.L^A00
903,ACCq.L^A00
904,ACD.L^B19
905,ACD.L^D98
906,ACEA.L^C16
907,ACEX.L^K10
908,ACFL.L^D91
909,ACFq.L^A00
910,ACG.L^A10
911,ACGGq.L^A03
912,ACGL.L^A03
913,ACHLA.L^C17
914,ACHPL.L^C16
915,ACI.L^C21
916,ACM.L^E15
917,ACPC.L^C11
918,ACPL.L^A03
919,ACTIq.L^B03
920,ACV.L^C98
921,ACYq.L^A95
922,ADAR.L^A11
923,ADD.L^C12
924,ADDx.L^C12
925,ADID.L^A15
926,ADIL.L^C10
927,ADMFx.L^K11
928,ADS.L^C03
929,ADSKq.L^A00
930,ADSL.L^B09
931,ADT.L^D23
932,ADTLr.L^A03
933,ADV.L^J09
934,ADXA.L^A03
935,AEE.L^C03
936,AEFSc.L^B13
937,AEGL.L^A03
938,AEI.L^J05
939,AFE.L^B15
940,AFEX.L^D95
941,AFI.L^A03
942,AFLK.L^B03
943,AFLq.L^A00
944,AFOq.L^B07
945,AFPA.L^B92
946,AFPO.L^A17
947,AFRBb.L^B20
948,AFRIA.L^B16
949,AGC.L^D08
950,AGE.L^D97
951,AGEq.L^A00
952,AGFBq.L^C96
953,AGMA.L^C23
954,AGREq.L^A00
955,AGRP.L^A15
956,AGSL.L^B92
957,AGT.L^C05
958,AGq.L^A00
959,AHB.L^D97
960,AHCL.L^A03
961,AHCq.L^A00
962,AHPS.L^D97
963,AHPq.L^A00
964,AHTe.L^C96
965,AID.L^A02
966,AIL.L^A99
967,AINC.L^B09
968,AIRLr.L^D92
969,AIS.L^C05
970,AISx.L^C07
971,AITK.L^D94
972,AITL.L^C93
973,AKERbq.L^A99
974,AKHL.L^A03
975,AKLMq.L^A00
976,AKR.L^C19
977,ALBH.L^D14
978,ALBK.L^A11
979,ALBKe.L^B00
980,ALD.L^C18
981,ALDAq.L^A00
982,ALGL.L^A09
983,ALKN.L^J15
984,ALN.L^A12
985,ALO.L^C00
986,ALRE.L^C19
987,ALTGq.L^K07
988,ALUSq.L^D98
989,AMAMP.L^A20
990,AMARA.L^D16
991,AMATq.L^K07
992,AMBR.L^D18
993,AMDq.L^A00
994,AMECp.L^B07
995,AMEI.L^B14
996,AMER.L^A20
997,AMG.L^A96
998,AMIq.L^D15
999,AMLr.L^D06
1000,AMPH.L^A20
1001,AMPq.L^D99
1002,AMRCq.L^A00
1003,AMSTLeu.L^C06
1004,AMSVq.L^C97
1005,AMSq.L^A06
1006,AMV.L^B99
1007,AMYT.L^A22
1008,AMZ.L^D10
1009,AMZNq.L^K07
1010,AN.L^B05
1011,ANAA.L^A17
1012,ANDA.L^A14
1013,ANDWq.L^A00
1014,ANI.L^C97
1015,ANOL.L^A03
1016,ANTE.L^B14
1017,ANTL.L^A03
1018,ANTP.L^B13
1019,ANV.L^D07
1020,ANVA.L^D07
1021,ANW.L^K21
1022,ANWA.L^D13
1023,ANq.L^A00
1024,AOGA.L^A03
1025,AOIM.L^J09
1026,AOM.L^D97
1027,APAL.L^B91
1028,APAq.L^A00
1029,APCCq.L^A00
1030,APCL.L^K19
1031,APDq.L^A00
1032,APGNA.L^C21
1033,APIA.L^C15
1034,APLr.L^B07
1035,APNT.L^A92
1036,APPA.L^C07
1037,APPSA.L^J19
1038,APRA.L^A16
1039,APREN.L^B16
1040,APRY.L^B96
1041,APYD.L^A98
1042,AQHq.L^B06
1043,AQP.L^D16
1044,AR.L^D97
1045,AR.L^K13
1046,ARA.L^A01
1047,ARAN.L^A96
1048,ARAW.L^D09
1049,ARCHq.L^A00
1050,ARD.L^A07
1051,ARDA.L^A07
1052,ARDN.L^D22
1053,ARE.L^B22
1054,AREO.L^C14
1055,ARF.L^D09
1056,ARG.L^A02
1057,ARGP.L^A18
1058,ARMA.L^B15
1059,ARMS.L^C90
1060,ARNL.L^A03
1061,AROA.L^A23
1062,ARPR.L^A03
1063,ARS.L^A00
1064,ART.L^B12
1065,ARTOA.L^A11
1066,ARU.L^D07
1067,ARUA.L^A07
1068,ARUB.L^D07
1069,ARX.L^C07
1070,ASA.L^D97
1071,ASA.L^K17
1072,ASBEN.L^C08
1073,ASD.L^K11
1074,ASHGnq.L^D02
1075,ASHq.L^A00
1076,ASK.L^A97
1077,ASLq.L^D92
1078,ASNq.L^A97
1079,ASOA.L^A15
1080,ASOA.L^A20
1081,ASOq.L^A00
1082,ASP.L^B09
1083,ASR.L^A06
1084,ASRS.L^A10
1085,ASTL.L^B92
1086,ASWA.L^C15
1087,ASWppp.L^D95
1088,ATCObq.L^K07
1089,ATCP.L^A16
1090,ATEq.L^C98
1091,ATIS.L^D10
1092,ATLE.L^J10
1093,ATMA.L^K21
1094,ATNL.L^A03
1095,ATRL.L^C92
1096,ATSIq.L^A00
1097,ATU.L^D97
1098,ATWD.L^C95
1099,ATX.L^C01
1100,ATq.L^A00
1101,AUDq.L^A00
1102,AUL.L^A13
1103,AUMA.L^A03
1104,AURAq.L^A00
1105,AURR.L^C16
1106,AUST.L^A03
1107,AUTA.L^D17
1108,AUTB.L^D17
1109,AVEL.L^A03
1110,AVHO.L^D09
1111,AVR.L^J16
1112,AVYq.L^A00
1113,AWAIQ.L^A03
1114,AWGE.L^B07
1115,AWGr.L^C04
1116,AWI.L^B06
1117,AWMA.L^A03
1118,AXC.L^J09
1119,AXFq.L^A00
1120,AXIT.L^A09
1121,AYRS.L^A01
1122,AZAq.L^A00
1123,AZHA.L^A04
1124,AZOq.L^A00
1125,AZRq.L^A07
1126,AZT.L^A03
1127,B.L^A03
1128,B8FI.L^B16
1129,BACC.L^A14
1130,BADL.L^A03
1131,BAE.L^D15
1132,BARS.L^A13
1133,BARSu.L^C12
1134,BASK.L^B21
1135,BATE.L^D09
1136,BBCa.L^C04
1137,BBCq.L^A00
1138,BBI.L^B08
1139,BBIq.L^A98
1140,BBR.L^D07
1141,BBRA.L^D07
1142,BBSC.L^B05
1143,BBYq.L^A00
1144,BCBq.L^A00
1145,BCCq.L^A00
1146,BCGL.L^A03
1147,BCH.L^C99
1148,BCL.L^B98
1149,BCNA.L^A22
1150,BCOM.L^A03
1151,BCT.L^C98
1152,BDCL.L^A03
1153,BDCYq.L^B96
1154,BDGL.L^A03
1155,BDIeq.L^B05
1156,BDK.L^C04
1157,BDOL.L^C91
1158,BDRX.L^D23
1159,BDTGq.L^A03
1160,BDVc.L^D07
1161,BDXq.L^A00
1162,BDYxq.L^D04
1163,BEAMq.L^A00
1164,BEMT.L^D97
1165,BEPL.L^B01
1166,BETF.L^B16
1167,BFM.L^C05
1168,BFMA.L^C05
1169,BFMB.L^C05
1170,BFP.L^B05
1171,BFRD.L^A07
1172,BFq.L^A00
1173,BGCg.L^C04
1174,BGD.L^D97
1175,BGDGr.L^A03
1176,BGENq.L^K07
1177,BGFq.L^B07
1178,BGGq.L^A00
1179,BGL.L^C02
1180,BGLFc.L^A20
1181,BGOq.L^B07
1182,BGP.L^C98
1183,BGPq.L^A00
1184,BGS.L
1185,BGX.L^C09
1186,BGYA.L^B09
1187,BGYB.L^B09
1188,BGYa.L^J04
1189,BHC.L^C99
1190,BHGGx.L^K14
1192,BHIq.L^A00
1193,BHL.L^B00
1194,BHRB.L^B15
1195,BHT.L^D97
1196,BHWGq.L^B98
1197,BHWHq.L^A03
1198,BIFF.L^A23
1199,BII.L^A11
1200,BIO.L^D97
1201,BIOI.L^D92
1202,BION.L^A08
1203,BIONB.L^D23
1204,BIRq.L^A00
1205,BITS.L^A98
1206,BIV.L^D06
1207,BJSq.L^A00
1208,BKHL.L^B92
1209,BKP.L^B01
1210,BKQGeq.L^D04
1211,BKSA.L^A16
1212,BKSC.L^B00
1213,BKSW.L^A03
1214,BKq.L^A00
1215,BLCH.L^A03
1216,BLEY.L^B19
1217,BLEYb.L^D06
1218,BLG.L^C06
1219,BLK.L^B04
1220,BLKA.L^B10
1221,BLM.L^C95
1222,BLYL.L^A93
1223,BLYq.L^B97
1224,BMD.L^C98
1225,BMETq.L^J07
1226,BMGL.L^D91
1227,BMGq.L^A00
1228,BMID.L^B89
1229,BMMLe.L^C92
1230,BMPL.L^A03
1231,BMYq.L^A00
1232,BMZ.L^D15
1233,BND.L^B05
1234,BNDE.L^B05
1235,BNETq.L^A00
1236,BNH.L^A08
1237,BNIq.L^A00
1238,BNLN.L^K09
1239,BNLX.L^A03
1240,BNM.L^C99
1241,BNN.L^B18
1242,BNNL.L^A03
1243,BOATq.L^A97
1244,BOCA.L^B07
1245,BOCB.L^B07
1246,BOCBq.L^A00
1247,BOCD.L^B07
1248,BODD.L^A96
1249,BOG.L^B03
1250,BOIA.L^C07
1251,BOK.L^C18
1252,BOLBq.L^A00
1253,BOLG.L^B16
1254,BOML.L^A03
1255,BOR.L^A03
1256,BOSB.L^C18
1257,BOSTq.L^A00
1258,BOTS.L^D92
1259,BOUB.L^D20
1260,BOUYxq.L^A97
1261,BOYg.L^D04
1262,BP.L^A99
1263,BPC.L^A03
1264,BPCRc.L^J18
1265,BPD.L^D09
1266,BPDN.L^D09
1267,BPDx.L^D09
1268,BPF.L^B99
1269,BPTL.L^A03
1270,BPTY.L^B16
1271,BRAM.L^B17
1272,BRDY.L^A20
1273,BREDg.L^A03
1274,BREls.L^A09
1275,BRFC.L^J13
1276,BRFCc.L^A19
1277,BRFIc.L^C16
1278,BRGL.L^B01
1279,BRJGq.L^D02
1280,BRLBq.L^B09
1281,BRM.L^K10
1282,BRNE.L^B14
1283,BRNEx.L^B14
1284,BROA.L^D91
1285,BROC.L^D09
1286,BRR.L^K09
1287,BRSJq.L^C00
1288,BRSa.L^A03
1289,BRUA.L^C05
1290,BRYN.L^D01
1291,BRq.L^A00
1292,BSCq.L^A00
1293,BSI.L^D05
1294,BSM.L^C98
1295,BSS.L^A07
1296,BSS.L^A96
1297,BST.L^D20
1298,BSXq.L^A00
1299,BTBGq.L^C02
1300,BTC.L^D97
1301,BTIq.L^B97
1302,BTKW.L^D97
1303,BTM.L^B05
1304,BTOL.L^A03
1305,BTSG.L^A91
1306,BTV.L^A01
1307,BTX.L^J07
1308,BTY.L^A97
1309,BUCq.L^A00
1310,BUK.L^D94
1311,BULGq.L^K07
1312,BUMA.L^C23
1313,BUMP.L^D23
1314,BUO.L^C01
1315,BUR.L^C97
1316,BUTNq.L^C93
1317,BUV.L^D97
1318,BVF.L^B03
1319,BVTc.L^A07
1320,BVTr.L^C00
1321,BVq.L^A95
1322,BWB.L^K08
1323,BXI.L^D00
1324,BZLGq.L^A03
1325,BZM.L^A19
1326,BZQa.L^C98
1327,BZR.L^D01
1328,BZR.L^D92
1329,C5N.L^K07
1330,CAEA.L^A14
1331,CAGAq.L^A00
1332,CAKEP.L^B19
1333,CALL.L^A22
1334,CAMBA.L^J21
1335,CAML.L^A03
1336,CANG.L^B99
1337,CAPC.L^J15
1338,CAPT.L^C09
1339,CARL.L^K10
1340,CARNaq.L^A00
1341,CART.L^C08
1342,CAS.L^C19
1343,CASK.L^A96
1344,CAVA.L^C05
1345,CAWSq.L^B00
1346,CAX.L^C07
1347,CBAOq.L^A99
1348,CBAY.L^A11
1349,CBDc.L^D07
1350,CBEq.L^A00
1351,CBF.L^C10
1352,CBFA.L^C10
1353,CBL.L^B99
1354,CBMR.L^C09
1355,CBNE.L^D92
1356,CBNL.L^A03
1357,CBRLq.L^A00
1358,CBS.L^A03
1359,CBUY.L^B20
1360,CBV.L^D05
1361,CBVA.L^C05
1362,CBX.L^D12
1363,CCAPC.L^J21
1364,CCEq.L^A00
1365,CCG.L^B07
1366,CCGA.L^B07
1367,CCH.L^C98
1368,CCIFq.L^A96
1369,CCII.L^B93
1370,CCIIi.L^B93
1371,CCJS.L^C23
1372,CCKCq.L^A00
1373,CCL.L^A96
1374,CCRD.L^A22
1375,CCRTq.L^A00
1376,CCSIq.L^A00
1377,CCSL.L^J20
1378,CDAA.L^A03
1379,CDB.L^C04
1380,CDBA.L^B10
1381,CDBA.L^C04
1382,CDBB.L^B10
1383,CDBB.L^C04
1384,CDBC.L^B10
1385,CDBD.L^B10
1386,CDBE.L^B10
1387,CDBF.L^B10
1388,CDDL.L^A92
1389,CDE.L^A00
1390,CDM.L^B21
1391,CDNL.L^D90
1392,CDSL.L^A92
1393,CDUC.L^D11
1394,CDq.L^A00
1395,CECU.L^A09
1396,CED.L^C02
1397,CEFTq.L^C04
1398,CEKq.L^C09
1399,CEO.L^A14
1400,CER.L^A08
1401,CESG.L^D10
1402,CFB.L^C07
1403,CFGL.L^A03
1404,CFIN.L^D16
1405,CFN.L^B07
1406,CFNA.L^B07
1407,CFNB.L^B07
1408,CFRD.L^D93
1409,CFRDa.L^D93
1410,CFU.L^D15
1411,CFXJ.L^D97
1412,CGA.L^B01
1413,CGA.L^D12
1414,CGIPq.L^A95
1415,CGLD.L^A03
1416,CGR.L^D07
1417,CGRA.L^D07
1418,CGSIq.L^A00
1419,CHA.L^J18
1420,CHAq.L^A00
1421,CHCH.L^A00
1422,CHCPL.L^A11
1423,CHI.L^A99
1424,CHIL.L^B91
1425,CHILq.L^A98
1426,CHIRq.L^A00
1427,CHIS.L^B14
1428,CHIec.L^D04
1429,CHLL.L^A03
1430,CHM.L^C97
1431,CHMP.L^A03
1432,CHO.L^D08
1433,CHOC.L^B17
1434,CHRSq.L^A00
1435,CHRX.L^A11
1436,CHS.L^B11
1437,CHT.L^A17
1438,CHT.L^C10
1439,CHTRn.L^D04
1440,CHUK.L^B08
1441,CHWr.L^C00
1442,CIApa.L^A07
1443,CIApb.L^A07
1444,CICq.L^A00
1445,CIFbq.L^A98
1446,CIG.L^C11
1447,CIG.L^D98
1448,CIHL.L^K21
1449,CII.L^D04
1450,CINYq.L^A00
1451,CIRA.L^D17
1452,CIRL.L^D91
1453,CISL.L^A03
1454,CISo.L^D04
1455,CITY.L^A23
1456,CIV1.L^J09
1457,CIVL.L^B92
1458,CJGL.L^D91
1459,CKW.L^C97
1460,CKq.L^A00
1461,CLA.L^C04
1462,CLA.L^J06
1463,CLAV.L^K15
1464,CLE.L^J98
1465,CLEA.L^D13
1466,CLFFq.L^B98
1467,CLIA.L^C05
1468,CLINC.L^D22
1469,CLIO.L^C09
1470,CLKH.L^A11
1471,CLL.L^C99
1472,CLM.L^B00
1473,CLPA.L^A03
1474,CLR.L^B06
1475,CLRL.L^A91
1476,CLSN.L^C21
1477,CLSq.L^B98
1478,CLXq.L^A00
1479,CLY.L^B03
1480,CMB.L^A96
1481,CMBNC.L^J18
1482,CMBPe.L^A03
1483,CMCSxq.L^A00
1484,CMF.L^D09
1485,CMFD.L^A03
1486,CMGX.L^D09
1487,CMHq.L^A00
1488,CMO.L^C06
1489,CMOA.L^C06
1490,CMPT.L^C08
1491,CMSEq.L^A00
1492,CMVTq.L^D07
1493,CMWL.L^A03
1494,CMXL.L^A03
1495,CNA_w.L^B97
1496,CNELn.L^A03
1497,CNG.L^D97
1498,CNGCq.L^A00
1499,CNMI.L^A18
1500,CNRA.L^D05
1501,COAL.L^A03
1502,COCRG.L^A13
1503,CODA.L^C08
1504,COHA.L^B10
1505,COHC.L^C10
1506,COIL.L^D07
1507,COLHq.L^A00
1508,COLO.L^A03
1509,COLn.L^K06
1510,COML.L^C02
1511,COMSq.L^A00
1512,COOA.L^C03
1513,COOL.L^A12
1514,COXq.L^A00
1515,CPA.L^D00
1516,CPC.L^C99
1517,CPG.L^A01
1518,CPH.L^D99
1519,CPIL.L^C09
1520,CPL.L^A97
1521,CPLA.L^A03
1522,CPLCq.L^A00
1523,CPM.L^D97
1524,CPRC.L^A20
1525,CPSP.L^B11
1526,CPSS.L^C07
1527,CPUA.L^A13
1528,CPWN.L^C10
1529,CQBq.L^A00
1530,CQSRc.L^A08
1531,CRA.L^C19
1532,CRAL.L^B93
1533,CRBA.L^A03
1534,CRC.L^C09
1535,CREO.L^C07
1536,CRND.L^K17
1537,CRPN.L^C09
1538,CRQ.L^A00
1539,CRS.L^D97
1540,CRTO.L^A05
1541,CRTW.L^A03
1542,CRUS.L^A03
1543,CRUSq.L^A00
1544,CRW.L^C97
1545,CRWA.L^A06
1546,CRYC.L^D05
1547,CRq.L^A00
1548,CSCL.L^B91
1549,CSCOq.L^K07
1550,CSCq.L^A00
1551,CSD.L^C98
1552,CSE.L^B99
1553,CSEq.L^A00
1554,CSFG.L^B19
1555,CSHGq.L^A03
1556,CSHP.L^C12
1557,CSHc.L^A19
1558,CSLT.L^B13
1559,CSLTr.L^C08
1560,CSM.L^B08
1561,CSMNcq.L^D98
1562,CSRA.L^B20
1563,CSRT.L^C20
1564,CSRWq.L^A00
1565,CSr.L^A01
1566,CTAG.L^C17
1567,CTBRq.L^A00
1568,CTD.L^A01
1569,CTF.L^B07
1570,CTFA.L^D15
1571,CTGP.L^A08
1572,CTLq.L^A00
1573,CTQ.L^B95
1574,CTR.L^A20
1575,CTUe.L^C00
1576,CTVN.L^B94
1577,CUB.L^A02
1578,CUC.L^B08
1579,CULHfq.L^D98
1580,CURM.L^C09
1581,CUX.L^A07
1582,CVL.L^C09
1583,CVSq.L^A00
1584,CVT.L^D05
1585,CVTA.L^C05
1586,CVTL.L^A03
1587,CWDA.L^B07
1588,CWDA.L^C21
1589,CWDr.L^D05
1590,CWEq.L^A95
1591,CWP.L^D98
1592,CWV.L^A08
1593,CXR.L^D97
1594,CYDA.L^C05
1595,CYG.L^D00
1596,CYHU.L^A10
1597,CYTOq.L^A00
1598,CYX.L^B08
1599,D4LC.L^D18
1600,DAB.L^C16
1601,DABB.L^K06
1602,DABD.L^K06
1603,DABa.L^B06
1604,DABb.L^B06
1605,DABc.L^B06
1606,DABc.L^B08
1607,DABcu.L^B08
1608,DABcx.L^B08
1609,DABe.L^B08
1610,DABu.L^J15
1611,DAFN.L^B93
1612,DAGR.L^K07
1613,DALq.L^A00
1614,DAN.L^A16
1615,DATA.L^J10
1616,DAVL.L^A03
1617,DAVM.L^A91
1618,DAW.L^C02
1619,DBCGq.L^B98
1620,DBE.L^B05
1621,DBRNq.L^A00
1622,DBSN.L^A96
1623,DCA.L^J08
1624,DCG.L^D19
1625,DDBC.L^D97
1626,DDDD.L^B23
1627,DDEGq.L^A03
1628,DDSq.L^A00
1629,DDq.L^K07
1630,DEDE.L^D11
1631,DEEV.L^B17
1632,DEGR.L^C09
1633,DELLq.L^K07
1634,DEMO1.L^D04
1635,DEMO2.L^D04
1636,DEP.L^J03
1637,DEPA.L^C04
1638,DEPB.L^C04
1639,DESCP.L^B13
1640,DESIq.L^A00
1641,DET.L^A06
1642,DEVD.L^A23
1643,DEWq.L^C98
1644,DEq.L^A00
1645,DFX.L^A20
1646,DFX.L^K03
1647,DGD.L^D97
1648,DGDL.L^B93
1649,DGOpp.L^A97
1650,DGS.L^K16
1651,DGSGq.L^B98
1652,DGq.L^A00
1653,DHC.L^C01
1654,DHIR.L^B12
1655,DHIq.L^D98
1656,DHq.L^A00
1657,DIAA.L^B07
1658,DIAB.L^B07
1659,DIAC.L^B07
1660,DIL2.L^D18
1661,DISL.L^A12
1662,DJG.L^D99
1663,DJq.L^A00
1664,DKL.L^D06
1665,DLC.L^B14
1666,DLE.L^B03
1667,DLXq.L^A00
1668,DLq.L^A00
1669,DME.L^C12
1670,DMEq.L^A00
1671,DMGOa.L^A22
1672,DMP1.L^A12
1673,DMTR.L^A23
1674,DMYq.L^A07
1675,DN2Cc.L^C13
1676,DNBAaq.L^A95
1677,DNDL.L^J18
1678,DNDLx.L^D12
1679,DNL.L^K22
1680,DNYRq.L^A00
1681,DOHGq.L^B98
1682,DOMN.L^A03
1683,DON.L^B04
1684,DOPL.L^B12
1685,DOR.L^C16
1686,DP2F.L^C21
1687,DP2Fx.L^C21
1688,DP2G.L^C21
1689,DP2K.L^C21
1690,DP3H.L^C21
1691,DP3J.L^C21
1692,DPSq.L^A00
1693,DPV3.L^H12
1694,DPV3a.L^D17
1695,DPV3c.L^D17
1696,DPWD.L^A15
1697,DQ5.L^A21
1698,DQE.L^C16
1699,DRA.L^A03
1700,DREF.L^C17
1701,DRG.L^I18
1702,DRGL.L^A03
1703,DRIq.L^A00
1704,DRNGq.L^A03
1705,DRR.L^C92
1706,DSCe.L^J04
1707,DSCr.L^J09
1708,DTB.L^A09
1709,DTEq.L^A00
1710,DTK.L^C10
1711,DTLc.L^D08
1712,DTMA.L^H07
1713,DTR.L^B92
1714,DTRL.L^A03
1715,DTYA.L^D23
1716,DTYB.L^D23
1717,DTYC.L^D23
1718,DUKq.L^A00
1719,DURJq.L^A07
1720,DURq.L^A97
1721,DVO.L^D23
1722,DVRA.L^I06
1723,DVS.L^D07
1724,DVWB.L^B17
1725,DWCG.L^H17
1726,DWCU.L^D16
1727,DWI.L^A09
1728,DWMA.L^B06
1729,DWN.L^I11
1730,DXS.L^A07
1731,DYIOq.L^A99
1732,Dq.L^A00
1733,E2V.L^C17
1734,EAGA.L^D11
1735,EAGR.L^A03
1736,EASOa.L^H96
1737,EATL.L^I93
1738,EAV.L^A08
1739,EAZq.L^A00
1740,EBF.L^B07
1741,EBG.L^H10
1742,EBIVE.L^G16
1743,EBJ.L^D09
1744,EBMBq.L^C12
1745,EBP.L^K03
1746,EBR.L^C05
1747,EBTM.L^D09
1748,ECAPEx.L^D16
1749,ECDC.L^J14
1750,ECFo.L^H05
1751,ECLq.L^A00
1752,ECPC.L^D11
1753,ECS.L^B03
1754,ECT.L^D03
1755,EDA.L^C13
1756,EDBR.L^B92
1757,EDENg.L^A03
1758,EDFA.L^A04
1759,EDFD.L^A04
1760,EDFq.L^K07
1761,EDG.L^D16
1762,EDGH.L^C23
1763,EDH.L^D01
1764,EDT.L^D02
1765,EDU.L^K07
1766,EDq.L^A00
1767,EED.L^C97
1768,EEG.L^A07
1769,EEL.L^A96
1770,EEL.L^C09
1771,EEUP.L^D18
1772,EFUq.L^A00
1773,EFXq.L^A00
1774,EGG.L^B06
1775,EGNJq.L^D00
1776,EGS.L^K17
1777,EGUq.L^B12
1778,EHH.L^D99
1779,EIC.L^B99
1780,EIDE.L^D09
1781,EIGE.L^C20
1782,EITE.L^G15
1783,EITL.L^D93
1784,EJV.L^B04
1785,ELCOq.L^D08
1786,ELCOxq.L^D08
1787,ELFPq.L^C99
1788,ELG.L^D08
1789,ELGGq.L^A03
1790,ELML.L^A03
1791,ELP.L^C09
1792,ELX.L^C09
1793,ELYq.L^A00
1794,EMHA.L^B07
1795,EMHB.L^B07
1796,EMM.L^B17
1797,EMNq.L^A00
1798,EMO.L^C02
1799,EMP.L^D97
1800,EMRq.L^A00
1801,EMTA.L^A03
1802,ENEA.L^A03
1803,ENK.L^J12
1804,ENM.L^A10
1805,ENR.L^J06
1806,ENRCa.L^C16
1807,ENSCb.L^A98
1808,ENSL.L^C92
1809,ENTU.L^J17
1810,ENV.L^D04
1811,ENVx.L^A15
1812,ENZA.L^D05
1813,EO.L^A12
1814,EOGA.L^A03
1815,EPG.L^A95
1816,EPM.L^C06
1817,EPMa.L^C06
1818,EPN.L^C99
1819,EPP.L^C03
1820,EPW.L^B00
1821,EPYq.L^B04
1822,EQGL.L^A03
1823,EQGP.L^K07
1824,EQLL.L^A03
1825,EQS.L^A09
1826,EQU.L^A09
1827,ERDIq.L^C93
1828,ERGL.L^C91
1829,ERL.L^D06
1830,ERSI.L^A02
1831,ERV.L^C00
1832,ERX.L^A09
1833,ESHp.L^J05
1834,ESR.L^A17
1835,ESVJ.L^D97
1836,ESVq.L^D99
1837,ESY.L^B06
1838,ESYGq.L^A03
1839,ETC.L^B00
1840,ETMa.L^H01
1841,ETMq.L^I07
1842,ETRq.L^A00
1843,ETVGq.L^C03
1844,EUC.L^K06
1845,EUG.L^G08
1846,EUROq.L^C03
1847,EUSPP.L^G19
1848,EUTLq.L^G07
1849,EUVI.L^A08
1850,EUW.L^A96
1851,EVCIq.L^D98
1852,EVDI.L^A10
1853,EVE.L^C00
1854,EVEE.L^K22
1855,EVERS.L^I09
1856,EVNG.L^C12
1857,EVOD.L^C93
1858,EVP.L^B03
1859,EVRA.L^K21
1860,EVTGq.L^A03
1861,EWF.L^H98
1862,EXC.L^B02
1863,EXEX.L^A03
1864,EXP.L^B09
1865,EXTI.L^A03
1866,EYR.L^D03
1867,Eq.L^B96
1868,F.L^H96
1869,FA14.L^D19
1870,FAB.L^D06
1871,FAB.L^D09
1872,FABA.L^D09
1873,FADV.L^G00
1874,FAI.L^B02
1875,FAI.L^B95
1876,FAIC.L^A16
1877,FALC.L^D97
1878,FAO.L^B07
1879,FAOA.L^B07
1880,FAR.L^D97
1881,FBOq.L^D96
1882,FBS.L^A98
1883,FCCN.L^K21
1884,FCE.L^D09
1885,FCK.L^C98
1886,FCL.L^D98
1887,FCOA.L^D03
1888,FCSSc.L^C11
1889,FCVC.L^C12
1890,FDBKp.L^D07
1891,FDHS.L^A03
1892,FDI.L^C20
1893,FDMA.L^B10
1894,FDML.L^C91
1895,FDT.L^C11
1896,FDX.L^D97
1897,FEMq.L^A98
1898,FEVf.L^C97
1899,FFA.L^D13
1900,FFBq.L^A95
1901,FFD.L^C00
1902,FFIF.L^H19
1903,FFL.L^C96
1904,FFTL.L^A03
1905,FFY.L^B17
1906,FGO.L^B07
1907,FGOA.L^B07
1908,FGOB.L^B07
1909,FGSN.L^A00
1910,FHCCq.L^B05
1911,FHGL.L^A03
1912,FIEGq.L^A03
1913,FIG.L^A06
1914,FIHA.L^D17
1915,FILLe.L^A03
1916,FIN.L^B02
1917,FINNq.L^A99
1918,FIP.L^C14
1919,FISH.L^A19
1920,FISNg.L^C90
1921,FISr.L^D01
1922,FITBq.L^A00
1923,FKBL.L^A03
1924,FLC.L^A02
1925,FLCN.L^C93
1926,FLEq.L^A00
1927,FLG.L^D15
1928,FLH.L^A97
1929,FLMq.L^A00
1930,FLTA.L^C22
1931,FLTC.L^C96
1932,FLXT.L^D01
1933,FLYB.L^C19
1934,FMGx.L^A01
1935,FMLq.L^C15
1936,FMOq.L^A00
1937,FMRal.L^D96
1938,FN.L^D97
1939,FNC.L^D97
1940,FND.L^A11
1941,FND.L^A96
1942,FNH.L^D98
1943,FNMq.L^A00
1944,FNT.L^I09
1945,FNTI.L^A94
1946,FOAM.L^D09
1947,FOB.L^C04
1948,FODR.L^I08
1949,FOG.L^B04
1950,FOGA.L^B04
1951,FOGB.L^B04
1952,FOGC.L^B04
1953,FOGL.L^A16
1954,FOKOq.L^A99
1955,FONq.L^A00
1956,FOOI.L^C15
1957,FORF.L^A17
1958,FOSE.L^D08
1959,FOSJq.L^D00
1960,FOSO.L^C91
1961,FPA.L^B07
1962,FPCq.L^A00
1963,FPE.L^A01
1964,FPM.L^B19
1965,FPP.L^A03
1966,FPR.L^J07
1967,FRAGq.L^K07
1968,FRE.L^C01
1969,FRE.L^D94
1970,FREq.L^A00
1971,FRF.L^C12
1972,FRFc.L^C12
1973,FRI.L^D98
1974,FRLn.L^E98
1975,FRM.L^A17
1976,FRMq.L^A00
1977,FRR.L^A19
1978,FRRL.L^A03
1979,FRRTa.L^A03
1980,FRSA.L^D06
1981,FRSB.L^B06
1982,FRTH.L^D02
1983,FRV.L^B01
1984,FRWL.L^A92
1985,FRXA.L^B03
1986,FRYP.L^D96
1987,FSCq.L^A00
1988,FSG.L^B11
1989,FSH.L^B09
1990,FSQ.L^D04
1991,FTG.L^C10
1992,FTRL.L^C92
1993,FTRc.L^B97
1994,FTVc.L^A07
1995,FTXq.L^A98
1996,FUR.L^B02
1997,FUS.L^F11
1998,FWIx.L^K96
1999,FWL.L^D98
2000,FWRD.L^C00
2001,FWY.L^B09
2002,FWYe.L^C04
2003,FWYx.L^B09
2004,GABIGc.L^D18
2005,GABIc.L^A19
2006,GALXq.L^A00
2007,GAM.L^B03
2008,GAPq.L^A00
2009,GAST.L^D11
2010,GASq.L^K07
2011,GATE.L^B96
2012,GATEq.L^A00
2013,GAYN.L^B91
2014,GB0049627.L^D96
2015,GB0053866.L^D02
2016,GB0055947.L^D02
2017,GB0055969.L^A00
2018,GB0063854.L^D02
2019,GB0073723.L^D02
2020,GB0077866.L^D02
2021,GB0082268.L^D02
2022,GB0082592.L^D06
2023,GB0083766.L^D97
2024,GB0097626.L^C07
2025,GB0114611.L^D94
2026,GB0114677.L^D94
2027,GB0116424.L^A96
2028,GB0129648.L^C96
2029,GB0138990.L^D02
2030,GB0144492.L^C02
2031,GB0155784.L^D02
2032,GB0156431.L^A00
2033,GB0161305.L^D94
2034,GB0162977.L^D96
2035,GB0188025.L^D02
2036,GB0196062.L^A00
2037,GB0205601.L^E96
2038,GB0209863.L^A96
2039,GB0215600.L^F03
2040,GB0222406.L^D11
2041,GB0228501.L^D96
2042,GB0228749.L^F97
2043,GB0230539.L^A08
2044,GB0236010.L^F97
2045,GB0249535.L^C02
2046,GB0288271.L^C02
2047,GB0299358.L^F97
2048,GB0306474.L^B96
2049,GB0308920.L^F97
2050,GB0313849.L^C95
2051,GB0315533.L^D02
2052,GB0322618.L^D02
2053,GB0322629.L^D02
2054,GB0323633.L^A96
2055,GB0337214.L^A00
2056,GB0345820.L^F01
2057,GB0351311.L^C02
2058,GB0351645.L^C03
2059,GB0355421.L^D96
2060,GB0355896.L^B00
2061,GB0361149.L^C95
2062,GB0362283.L^A95
2063,GB0373650.L^D96
2064,GB0375504.L^F97
2065,GB0376756.L^C08
2066,GB0376756.L^D02
2067,GB0380746.L^C05
2068,GB0383530.L^F01
2069,GB0386960.L^F97
2070,GB0387565.L^D96
2071,GB0393067.L^D98
2072,GB0395858.L^F00
2073,GB0396259.L^D02
2074,GB0396969.L^F00
2075,GB0397382.L^F00
2076,GB0397564.L^F00
2077,GB0397575.L^F00
2078,GB0397735.L^F00
2079,GB0400945.L^F97
2080,GB0410568.L^C02
2081,GB0412780.L^D98
2082,GB0414300.L^F03
2083,GB0422488.L^C02
2084,GB0428743.L^F97
2085,GB0432971.L^F01
2086,GB0440220.L^F97
2087,GB0443508.L^C02
2088,GB0449711.L^D04
2089,GB0449971.L^F03
2090,GB0460637.L^F97
2091,GB0461737.L^D02
2092,GB0464899.L^C02
2093,GB0475136.L^B95
2094,GB0477507.L^C02
2095,GB0495811.L^A98
2096,GB0496977.L^C98
2097,GB0497583.L^C02
2098,GB0507288.L^F97
2099,GB0517469.L^D02
2100,GB0524340.L^E95
2101,GB0550549.L^D02
2102,GB0576460.L^F03
2103,GB0579469.L^B95
2104,GB0580085.L^F97
2105,GB0586856.L^F94
2106,GB0589617.L^C95
2107,GB0590266.L^D02
2108,GB0607401.L^F97
2109,GB0615095.L^F97
2110,GB0625919.L^F97
2111,GB0626923.L^D02
2112,GB0627948.L^E94
2113,GB0630106.L^F97
2114,GB0631530.L^B96
2115,GB0636342.L^A95
2116,GB0642190.L^F97
2117,GB0645768.L^F97
2118,GB0645940.L^F97
2119,GB0645984.L^C95
2120,GB0652348.L^D07
2121,GB0656856.L^F97
2122,GB0663760.L^C96
2123,GB0677471.L^F96
2124,GB0680082.L^F97
2125,GB0689540.L^D01
2126,GB0695837.L^J94
2127,GB0696119.L^F94
2128,GB0698115.L^C02
2129,GB0704056.L^D96
2130,GB0705543.L^D02
2131,GB0714903.L^A95
2132,GB0714914.L^A95
2133,GB0714925.L^A95
2134,GB0714936.L^A95
2135,GB0730567.L^F97
2136,GB0732024.L^F97
2137,GB0738958.L^F03
2138,GB0743093.L^F97
2139,GB0766034.L^F01
2140,GB0767628.L^D02
2141,GB0769107.L^B96
2142,GB0772547.L^D11
2143,GB0787444.L^F97
2144,GB0791360.L^F97
2145,GB0791371.L^D94
2146,GB0799331.L^C02
2147,GB0806587.L^D02
2148,GB0817642.L^D02
2149,GB0822129.L^B99
2150,GB0831545.L^B97
2151,GB0849708.L^C02
2152,GB0852182.L^F03
2153,GB0865760.L^C95
2154,GB0867443.L^F97
2155,GB0869762.L^D11
2156,GB0870797.L^F97
2157,GB0875532.L^D02
2158,GB0875554.L^D02
2159,GB0876278.L^F03
2160,GB0883621.L^F97
2161,GB0884680.L^D02
2162,GB0885746.L^F97
2163,GB0885821.L^F97
2164,GB0887485.L^F97
2165,GB0887504.L^F97
2166,GB0893761.L^E98
2167,GB0894571.L^F97
2168,GB0896191.L^B13
2169,GB0897365.L^F97
2170,GB0900843.L^F94
2171,GB0900887.L^F97
2172,GB0901125.L^F94
2173,GB0901244.L^A95
2174,GB0902021.L^F97
2175,GB0905989.L^A96
2176,GB0907628.L^D94
2177,GB0911339.L^F97
2178,GB0911867.L^E96
2179,GB0926106.L^D98
2180,GB0930583.L^C02
2181,GB0940667.L^D96
2182,GB0951294.L^D94
2183,GB0951368.L^D94
2184,GB0951380.L^D94
2185,GB0960405.L^A00
2186,GB0960784.L^A01
2187,GB0960869.L^B99
2188,GB0986519.L^F95
2189,GB1640621.L^F01
2190,GB1642393.L^E00
2191,GB1642564.L^D00
2192,GB1642586.L^D00
2193,GB1642597.L^F01
2194,GB1642616.L^F01
2195,GB2191032.L^D04
2196,GB2295699.L^D94
2197,GB2362128.L^C02
2198,GB2522104.L^C95
2199,GB2597102.L^C02
2200,GB2606633.L^D98
2201,GB2754383.L^C02
2202,GB2786955.L^I94
2203,GB2786999.L^H96
2204,GB2787312.L^G02
2205,GB2896713.L^G02
2206,GB2925446.L^H96
2207,GB2990422.L^G02
2208,GB3020340.L^F03
2209,GB3020351.L^F03
2210,GB3053391.L^F03
2211,GB3122235.L^C05
2212,GB3127241.L^D03
2213,GB3167883.L^H02
2214,GB3169696.L^H02
2215,GB3169704.L^H02
2216,GB3174708.L^I02
2217,GB3187223.L^B06
2218,GB3190685.L^C07
2219,GB3237140.L^F03
2220,GB3239696.L^A05
2221,GB3335884.L^A04
2222,GB3338861.L^A05
2223,GB3355075.L^A05
2224,GB3365267.L^A04
2225,GB3375374.L^C04
2226,GB3375385.L^C04
2227,GB3375396.L^C04
2228,GB3377950.L^E04
2229,GB3385931.L^A05
2230,GB3402852.L^A05
2231,GB3402863.L^A05
2232,GB3402874.L^A05
2233,GB3404621.L^A05
2234,GB3404869.L^A05
2235,GB3404870.L^A05
2236,GB3404933.L^A05
2237,GB3408333.L^B04
2238,GB3408452.L^B04
2239,GB3409961.L^A05
2240,GB3410587.L^B04
2241,GB3410598.L^B04
2242,GB3427208.L^C04
2243,GB3430132.L^D04
2244,GB3433283.L^A05
2245,GB3434093.L^E04
2246,GB3436710.L^C04
2247,GB3439612.L^D04
2248,GB4244473.L^F01
2249,GB4244570.L^F01
2250,GB4244592.L^F01
2251,GB4401773.L^E96
2252,GB4502029.L^C02
2253,GB4665148.L^C02
2254,GB4685470.L^H96
2255,GB4813141.L^H96
2256,GB4880822.L^F03
2257,GB4949477.L^F03
2258,GB5001462.L^C02
2259,GB5061819.L^F97
2260,GB5152445.L^C98
2261,GB5266250.L^A04
2262,GB5361069.L^A99
2263,GB5372210.L^C99
2264,GB5372351.L^A99
2265,GB5569186.L^D99
2266,GB5661190.L^F03
2267,GB5793822.L^F03
2268,GB6142490.L^D00
2269,GB6146878.L^F01
2271,GB6156792.L^F01
2272,GBB00GNJ7.L^E04
2273,GBB00K7Y2.L^C05
2274,GBB00K805.L^C05
2275,GBB00K850.L^C05
2276,GBB00SCW9.L^E04
2278,GBB01R742.L^C05
2279,GBB02J0L5.L^A05
2280,GBB02J0R1.L^A05
2281,GBB034P70.L^A05
2282,GBB03W712.L^D05
2283,GBB03W723.L^D05
2284,GBB0672R5.L^E07
2285,GBB06S1V5.L^C06
2286,GBB06S1W6.L^C06
2287,GBB06S1Z9.L^C06
2288,GBB06S201.L^C06
2289,GBB06S223.L^C06
2290,GBB06S256.L^C06
2291,GBB06S267.L^C06
2292,GBB06S289.L^C06
2293,GBB0766R9.L^F05
2294,GBB07C7T6.L^A06
2295,GBB07C901.L^A06
2296,GBB07YHN6.L^E06
2298,GBB07YHP8.L^E06
2299,GBB08CDS6.L^G05
2300,GBB09QQQ6.L^G14
2301,GBB0BFFR5.L^E07
2302,GBB0BFFS6.L^E07
2303,GBB0C05L3.L^C07
2304,GBB0C0GX2.L^D07
2305,GBB0C0HG2.L^A08
2306,GBB0C0HH3.L^A08
2307,GBB0C0HK6.L^A08
2308,GBB0C3HQ1.L^F06
2311,GBB0C3HR2.L^F06
2312,GBB0C3HS3.L^F06
2314,GBB0FRYJ2.L^B07
2315,GBB0FRZG6.L^B07
2316,GBB0FS075.L^B07
2317,GBB0FS0V9.L^B07
2318,GBB0FS0X1.L^B07
2319,GBB0NWH67.L^C06
2320,GBB0NWLL0.L^C06
2321,GBB0TNHB9.L^A08
2322,GBB0TNHH5.L^A08
2323,GBB0V9JP3.L^A08
2324,GBB0V9JQ4.L^A08
2325,GBB142FP8.L^A07
2326,GBB142FQ9.L^A07
2327,GBB142FR0.L^A07
2328,GBB142FV4.L^A07
2329,GBB142FY7.L^A07
2330,GBB142G11.L^A07
2331,GBB1QQR96.L^E07
2332,GBBYZX8G3.L^J16
2333,GBBZ184P0.L^J16
2334,GBGI.L^B19
2335,GBIBtq.L^E98
2337,GBS.L^E98
2338,GBSAx.L^E04
2340,GCC.L^A97
2341,GCFL.L^F91
2343,GCHG.L^F14
2344,GCPIc.L^D13
2345,GCPIc.L^E12
2346,GDEBtq.L^A99
2347,GDL.L^J18
2348,GDMN.L^A03
2349,GDO.L^B04
2350,GDV.L^E95
2352,GDYOa.L^D04
2353,GDq.L^A00
2354,GEBq.L^A95
2355,GEGL.L^A92
2356,GELG.L^F16
2358,GEM.L^C01
2359,GENBq.L^A99
2360,GENG.L^E09
2361,GENJ.L^D97
2362,GENenq.L^F04
2363,GETA.L^D05
2364,GETM.L^C10
2365,GFC.L^E07
2366,GFS.L^E21
2367,GFSA.L^C21
2368,GGAC.L^E09
2369,GGD.L^F02
2371,GGO.L^F05
2374,GGORc.L^F07
2375,GGP.L^F99
2377,GGT.L^E98
2379,GHD.L^F00
2381,GHI.L^A07
2382,GHIe.L^E01
2383,GHOP.L^C97
2384,GIGG.L^C22
2385,GISq.L^A00
2386,GKNA.L^D18
2387,GKO.L^A16
2388,GLA.L^B08
2389,GLAD.L^E10
2390,GLBM.L^J09
2391,GLBS.L^K10
2392,GLDB.L^A03
2393,GLF.L^E08
2394,GLH.L^D07
2395,GLI.L^D10
2396,GLKq.L^A00
2397,GLL.L^E97
2399,GLMq.L^A00
2401,GLOK.L^E15
2402,GLOL.L^C92
2403,GLOO.L^F18
2405,GLPG.L^D08
2406,GLSe.L^A04
2407,GLWq.L^A00
2408,GMBSbq.L^C96
2409,GMCG.L^I15
2410,GMDbq.L^C97
2411,GME.L^B01
2412,GME.L^E08
2413,GME.L^F99
2414,GMFA.L^B10
2415,GMFb.L^E06
2416,GMFe.L^E01
2417,GMFs.L^E06
2418,GMM.L^E02
2419,GMO1.L^E09
2420,GMP.L^J03
2421,GMR.L^F96
2422,GMRL.L^D92
2423,GMq.L^K07
2424,GNGL.L^C17
2425,GNI.L^F00
2426,GOAG.L^A13
2427,GOAL.L^C96
2428,GOCO.L^B21
2429,GODW.L^A03
2430,GOIL.L^E08
2431,GORD.L^A03
2432,GOTKq.L^A00
2433,GOV.L^D04
2434,GPCL.L^C92
2435,GPCq.L^A00
2436,GPGe.L^B07
2437,GPK.L^C14
2438,GPORg.L^C97
2439,GPSq.L^A00
2440,GPUq.L^A00
2441,GPX.L^D18
2442,GPq.L^A00
2443,GRD.L^C97
2444,GREWa.L^B92
2445,GRN.L^E07
2446,GRN.L^F00
2447,GRNJ.L^A03
2448,GROLq.L^B96
2449,GRPHG.L^C18
2450,GRT.L^F95
2451,GRTR.L^D11
2452,GRVq.L^E07
2453,GRWAn.L^A02
2454,GSLq.L^F11
2455,GSMC.L^B10
2456,GSMCe.L^B10
2457,GSMCx.L^B10
2458,GSRL.L^D18
2459,GTA.L^G98
2460,GTG.L^K06
2461,GTH.L^C00
2462,GTIL.L^A91
2463,GTSC.L^H16
2464,GTX.L^B10
2465,GTq.L^A00
2466,GVAL.L^E92
2467,GVBBq.L^F99
2468,GVC.L^I00
2469,GVOR.L^A92
2470,GVP.L^G21
2471,GVR.L^D04
2472,GVS.L^G02
2473,GVT.L^D04
2474,GWC.L^D97
2475,GWG.L^E05
2477,GWGA.L^I05
2478,GWI.L^C09
2479,GWIK.L^C17
2480,GWIN.L^C15
2481,GWR.L^A97
2482,GYG.L^B08
2483,GYMp.L^D05
2484,GYq.L^A00
2485,H1.L^A03
2486,HAGNq.L^E04
2487,HAIK.L^C18
2488,HALH.L^C19
2489,HALHx.L^C19
2490,HALL.L^H93
2491,HAML.L^E91
2492,HAMPen.L^E04
2493,HAMW.L^A12
2494,HANI.L^A03
2495,HAOG.L^B20
2496,HARJq.L^A12
2497,HARL.L^B92
2498,HARV.L^G21
2499,HATF.L^A03
2500,HATN.L^I90
2501,HAV.L^C01
2502,HAVE.L^H18
2503,HAWGq.L^A03
2504,HAY.L^D04
2505,HAYT.L^I17
2506,HBFJ.L^H96
2507,HBOS.L^A09
2508,HBRN.L^F22
2509,HBSC.L^I93
2510,HCEG.L^F11
2511,HCL.L^I08
2512,HCLL.L^D16
2513,HCMn.L^E94
2514,HCP.L^H99
2515,HCPr.L^B05
2516,HCU.L^H07
2517,HCX.L^D98
2518,HDDL.L^A03
2519,HDGB.L^D07
2520,HDGR.L^D91
2521,HDGls.L^D07
2522,HDGr.L^H06
2523,HDH.L^C00
2524,HDH.L^D97
2525,HDIq.L^A00
2526,HDL.L^B00
2527,HDLMq.L^A00
2528,HDU.L^G12
2529,HDUr.L^F02
2530,HDW.L^B05
2531,HDYA.L^A20
2532,HDYS.L^I06
2533,HDq.L^K07
2534,HEALq.L^A00
2535,HEC.L^C03
2536,HEG.L^A97
2537,HEM.L^G96
2538,HEMA.L^H04
2539,HEMA.L^I06
2540,HEPC.L^G93
2541,HERS.L^H19
2542,HFI.L^E06
2543,HFSq.L^F98
2544,HFX.L^I01
2545,HGF.L^I99
2546,HHIe.L^E97
2547,HHOr.L^F00
2548,HIBU.L^K13
2549,HICH.L^F08
2550,HICLc.L^F08
2551,HIN.L^E01
2552,HIS.L^F98
2553,HLO.L^F13
2554,HLT.L^E98
2555,HMEr.L^F01
2556,HMF.L^F10
2557,HMV_w.L^E02
2558,HOLMbq.L^K07
2559,HOLZq.L^F99
2560,HOTx.L^E14
2561,HOX.L^E14
2562,HOZ.L^E99
2563,HPA1a.L^E23
2564,HPIc.L^E98
2565,HSNT.L^K11
2566,HSR.L^E06
2567,HSTNr.L^E07
2568,HSTR.L^F90
2569,HTNS.L^F96
2570,HUA.L^F08
2571,HUAA.L^F08
2572,HUR.L^F23
2573,HWPq.L^K07
2574,HWW.L^F01
2575,HYDG.L^J20
2576,HYVE.L^E23
2577,HYWD.L^J09
2579,IAE.L^F17
2580,IATx.L^J12
2581,IBPO.L^E23
2582,IBTx.L^E07
2583,IBXL.L^F91
2584,ICAPd.L^E09
2585,ICAPe.L^E09
2586,ICAPf.L^E09
2587,ICAPx.L^E09
2588,ICAPxy.L^E09
2589,ICI_w.L^E93
2590,ICIn.L^E02
2591,ICM.L^F07
2592,ICMA.L^F07
2593,ICMB.L^F07
2594,ICN.L^K05
2595,ICU.L^E08
2596,ID2A.L^F20
2597,IDLS.L^F11
2598,IDOL.L^E08
2599,IDP.L^F22
2600,IECNg.L^E08
2601,IECNn.L^E08
2602,IEG.L^E05
2603,IEL.L^I11
2604,IEMc.L^J06
2605,IFNC.L^E09
2606,IINq.L^F09
2607,IIP.L
2608,IMED.L^E11
2609,IMJ.L^F11
2610,IMP.L^E08
2611,IMPx.L^E08
2612,IMY.L^F07
2613,IMZ.L^F95
2614,INBX.L^E08
2615,INC.L^E15
2616,INCE.L^E23
2617,INCEbq.L^F98
2618,INELq.L^F98
2619,INFO.L^E12
2620,INGG.L^G10
2621,INS.L^F94
2622,INTAI.L^F16
2623,INTO.L^F22
2624,IOG.L^E10
2625,IOI.L^F97
2626,IPEI.L^E21
2627,IPq.L^K07
2628,IRIS.L^J14
2630,IROq.L^F98
2631,IS.L^F03
2632,ISD.L^E08
2633,ISH.L^F13
2634,ISPHI.L^E11
2635,ISR.L^F00
2636,ITA.L^E14
2637,ITJ.L^F96
2638,ITQ.L^F18
2639,ITRK_w.L^E02
2640,ITS.L^E04
2641,ITWOq.L^E03
2642,IVPE.L^E11
2643,IVPGxy.L^F09
2644,IVT.L^K05
2645,IZO.L^K03
2646,JAIx.L^E14
2647,JBC.L^F05
2648,JBCA.L^F05
2649,JEFI.L^F22
2650,JEMCc.L^F11
2651,JGCc.L^K07
2652,JGG.L^F06
2653,JGGe.L^F06
2654,JHNSq.L^F95
2655,JINq.L^K08
2656,JNJq.L^K07
2657,JNPRq.L^K07
2658,JOGq.L^F98
2659,JPB.L^K20
2660,JPLH.L^F11
2661,JPR.L^K18
2662,JPSL.L^F16
2663,JPSx.L^F14
2664,JRK.L^J06
2665,JRTC.L^J04
2666,JRVSr.L^F98
2667,JSM.L^E12
2668,JTV.L^J08
2669,JTWO.L^F20
2670,JVH_w.L^F96
2671,JVPn.L^F94
2672,K17.L^F15
2673,KALMq.L^E96
2674,KAPE.L^E23
2675,KAZ.L^E21
2676,KBBNq.L^F98
2677,KBKBtq.L^F99
2678,KETpp.L^F94
2679,KIEg.L^F15
2680,KLMeu.L^E04
2681,KLRal.L^E94
2682,KMNL.L^F91
2683,KMq.L^E03
2684,KNOC.L^E00
2685,KOq.L^K07
2686,KPNq.L^E01
2687,KQIPq.L^E02
2688,KRMLz.L^F90
2689,KRV.L^F01
2690,KSC.L^E98
2691,KWIK.L^F98
2692,KYMM.L^E96
2693,KZO.L^E01
2694,LADB.L^E99
2695,LAM.L^J22
2696,LAMBtq.L^F99
2697,LAT.L^F07
2698,LATC.L^J15
2699,LBB.L^E16
2700,LCE.L^E91
2701,LCT.L^E11
2702,LEAD.L^F09
2703,LEEE.L^F12
2704,LEK.L^E22
2705,LEND.L
2706,LFC.L^J03
2707,LGD.L^E03
2708,LGHT.L^F19
2709,LGU.L^E04
2710,LIBL.L^E15
2711,LILq.L^F98
2712,LIONL.L^K18
2713,LJH.L^E04
2714,LKHDq.L^E02
2715,LKOH.L^F22
2716,LLDSx.L^E92
2717,LLT.L^F10
2718,LMI.L^F19
2719,LMKO.L^F09
2720,LOOA.L^E06
2721,LORq.L^E96
2722,LPI.L^F07
2723,LPK.L^K05
2724,LRL.L^F15
2725,LSAB.L^F21
2726,LSEb.L^F09
2727,LSH.L^F00
2728,LSMRx.L^E11
2729,LSRAT.L^E19
2730,LVLL.L^F99
2731,LWT.L^E94
2732,LWWL.L^E92
2733,LXB.L^E19
2734,LXSGq.L^K07
2735,MAGM.L^F11
2736,MAH.L^E96
2737,MAISM.L^F19
2738,MALV.L^I95
2739,MANX.L^E19
2740,MAPL.L^F09
2741,MARCI.L^E15
2742,MAS.L^E05
2743,MAXJ.L^F08
2744,MAXP.L^H14
2745,MCAn.L^F94
2746,MCDq.L^K07
2747,MCE.L^F05
2748,MCKS.L^E22
2749,MCKSc.L^G02
2750,MCN.L^F05
2751,MCYG.L^F92
2752,MDCM.L^E23
2753,MDG.L^F99
2754,MDGL.L^F92
2755,MDH.L^J03
2756,MDKA.L^I05
2757,MDM.L^F99
2758,MDME.L^J14
2759,MEDI.L^F17
2760,MEDIC.L^K13
2761,MEGR.L^E08
2762,MEK.L^E98
2763,MEM.L^J05
2764,MEMC.L^E91
2765,MEN.L^F04
2766,MGRM.L^K19
2767,MGTAa.L^E08
2768,MGTAb.L^E08
2769,MGTAc.L^E08
2770,MGTAd.L^E08
2771,MGTAe.L^E08
2772,MGTAi.L^E08
2773,MGTAx.L^E08
2774,MGTAxy.L^E08
2775,MHC.L^F05
2776,MIOT.L^J13
2777,MJG.L^E04
2778,MJH.L^E23
2779,MKLW.L^F19
2780,MKP.L^K05
2781,MKSb.L^E06
2782,MLA.L^K06
2783,MLC.L^J19
2784,MLCL.L^E91
2785,MLKF.L^F91
2786,MLPGq.L^K07
2787,MLVL.L^F90
2788,MMAa.L^E96
2789,MMHM.L^F22
2790,MMKVq.L^F99
2791,MML.L^E14
2792,MNA.L^F09
2793,MNDIx.L^K11
2794,MNP.L^F91
2795,MODM.L^J19
2796,MOR.L^F10
2797,MOSB.L^F20
2798,MPLE.L^F15
2799,MRF.L^E02
2800,MRO.L^E00
2801,MRR.L^K15
2802,MRSq.L^F08
2803,MRSr.L^F05
2804,MSK.L^E93
2805,MT.L^F07
2806,MTC.L
2807,MTELq.L^E98
2808,MTFB.L^F21
2809,MTGL.L^E92
2810,MTLB.L^K06
2811,MTM.L^E06
2812,MTUc.L^E96
2813,MTVL.L^F92
2814,MUBL.L^F19
2815,MUH.L^E01
2816,MUYo.L^F94
2817,MVE.L^F00
2818,MVLF.L^E06
2819,MWCL.L^F92
2820,MXCL.L^E21
2821,MXM.L^K12
2822,MXP.L^J15
2823,MYT.L^E18
2824,MYW.L^E05
2825,MYX.L^E94
2826,MZTC.L^F98
2827,N03.L^F15
2828,N21.L^F15
2829,NAEg.L^F98
2830,NAQ.L^F09
2831,NARS.L^F15
2832,NBE.L^F16
2833,NBF.L^J05
2834,NBLI.L^K13
2835,NBNK.L^F16
2836,NBUN.L^F15
2837,NCH.L^J08
2838,NCYe.L^J05
2839,NDH.L^F09
2840,NEW.L^K16
2841,NFND.L^E09
2842,NGEq.L^F98
2843,NHHq.L^K07
2844,NKTN.L^E20
2845,NLD.L^E12
2846,NLX.L^F07
2847,NMCN.L^J21
2848,NMI.L^E07
2849,NMSc.L^F94
2850,NNN.L^J06
2851,NOGO.L^E13
2852,NOVARE.L^F16
2853,NPH.L^E10
2854,NRMq.L^F05
2855,NRP.L^F99
2856,NTAPq.L^K07
2857,NTCq.L^F99
2858,NTML.L^E90
2859,NTVr.L^E08
2860,NTWX.L^F09
2861,NU.L^E00
2862,NUCA.L^E21
2863,NUG.L^F05
2864,NUGA.L^F05
2865,NUOG.L^E21
2866,NUSx.L^F07
2867,NZYMq.L^K07
2868,O32.L^F15
2869,O39.L^F15
2870,OCKr.L^F02
2871,OCT.L^E99
2872,OECq.L^E98
2873,OFF.L^J14
2874,OGC.L^E97
2875,OHTIq.L^F08
2876,OILeq.L^F05
2877,OKDr.L^E07
2878,OKYO.L^E23
2879,OLS.L^E00
2880,ONT.L^E04
2881,OOUT.L^F22
2882,OPET.L^F15
2883,OPHR.L^E19
2884,OPP.L^E22
2885,OPP.L^F02
2886,OPTS.L^E15
2887,ORAC.L^F13
2888,ORCAq.L^E08
2889,ORCLq.L^K07
2890,OREPq.L^F98
2891,OSP.L^F09
2892,OSUq.L^E16
2893,OTO.L^E07
2894,OTOx.L^E07
2895,OTV.L^F11
2896,OVN.L^F00
2897,OXBn.L^J03
2898,PACL.L^E20
2899,PAGe.L^F98
2900,PAH.L^E99
2901,PAHC.L^F10
2902,PALMq.L^K07
2903,PAQ.L^K04
2904,PAR.L^E03
2905,PARIq.L^F98
2906,PATZ.L^F02
2907,PATZa.L^F02
2908,PAYZ.L^E10
2909,PBR.L^G09
2910,PBTY.L^E14
2911,PCA2.L^H15
2912,PCARq.L^K07
2913,PCDL.L^I93
2914,PCFS.L^I17
2915,PCR.L^F06
2916,PCXq.L^E10
2917,PDH.L^E06
2918,PECO.L^E16
2919,PED.L^F09
2920,PEH.L^E01
2921,PEIi.L^E06
2922,PEIx.L^E06
2923,PEJR.L^F10
2924,PEM.L^E99
2925,PENG.L^G15
2926,PES.L^G95
2927,PEX.L^F00
2928,PFCO.L^G01
2929,PFI.L^G07
2930,PFLM.L^F15
2931,PGIe.L^F05
2932,PGP.L^E07
2933,PGPA.L^E07
2934,PGX.L^J07
2935,PGXA.L^I07
2936,PGq.L^K07
2937,PHAZq.L^E98
2938,PHD.L^G21
2939,PHRM.L^E16
2940,PII.L^G97
2941,PILA.L^F06
2942,PINx.L^I04
2943,PIXRq.L^H06
2944,PIZ.L^G03
2945,PIZC.L^G03
2946,PKNq.L^J05
2947,PKW.L^F11
2948,PKWL.L^E92
2949,PLIL.L^F93
2950,PLIe.L^E06
2951,PLW.L^E10
2952,PLYK.L^E92
2953,PMNA.L^F05
2954,PNNL.L^F90
2955,PNRG.L^E08
2956,POA.L^J03
2957,POGL.L^E10
2958,POLL.L^E09
2959,POLO.L^J20
2960,PON.L^J12
2961,POPWR.L^K09
2962,POPq.L^K07
2964,POR.L^F00
2965,PPI.L^E07
2966,PPIR.L^F15
2967,PPN.L^K11
2968,PPOL.L^F91
2969,PPTx.L^F13
2970,PRG.L^F08
2971,PRI.L^F03
2972,PRSC.L^E05
2973,PRSa.L^E96
2974,PSH.L^J06
2975,PST.L^E99
2976,PTD_p.L^E06
2977,PTO.L^K04
2978,PTWL.L^E91
2979,PTX.L^F10
2980,PTXu.L^F10
2981,PU12.L^F22
2982,PUT.L^F97
2983,PVI.L^K04
2984,PVL.L^F07
2985,PWL.L^F02
2986,PWSA.L^F11
2987,PYA.L^E99
2988,Q0F.L^F15
2989,QCOMq.L^K07
2990,QCq.L^F09
2991,QDEKq.L^E99
2992,QED.L^J15
2993,QMOT.L^J04
2994,QRESR.L^K11
2995,QUE.L^F05
2996,QUS.L^F05
2997,RACA.L^E05
2998,RAV.L^F09
2999,RAV.L^F22
3000,RAY.L^E10
3001,RBG.L^F10
3002,RBSn.L^F08
3003,RCOPq.L^F96
3004,RDI.L^E21
3005,RDWal.L^F94
3006,RDXB.L^F03
3007,REDL.L^J07
3008,REDOa.L^F93
3009,REEDr.L^E00
3010,REGI.L^F09
3011,REGRE.L^E14
3012,REH.L^E16
3013,REN.L^E03
3014,REPOfq.L^E96
3015,RESr.L^F07
3016,RETV.L^K08
3017,REVS.L^J07
3018,RGAL.L^F01
3019,RGN.L^F09
3020,RGSr.L^E14
3021,RGTL.L^F90
3022,RGZq.L^E08
3023,RGZxq.L^F07
3024,RHMCc.L^E22
3025,RIV.L^F22
3026,RJB.L^E01
3027,RMLA.L^F10
3028,RMPq.L^E21
3029,RNNGq.L^J08
3030,RNON.L^F90
3031,RNq.L^F99
3032,ROC.L^K09
3033,ROK.L^K10
3034,ROM.L^E11
3035,ROSS.L^E07
3036,ROWC.L^F97
3037,RPO.L^F16
3038,RRSL.L^F91
3039,RSBr.L^F07
3040,RSLA.L^F01
3041,RSSN.L^F91
3042,RUES.L^F13
3043,RUGBo.L^E10
3044,RUGC.L^E10
3045,RUGD.L^E10
3046,RUM.L^F99
3047,RVA.L^K08
3048,RZH.L^E00
3049,S59.L^F15
3050,S63.L^F15
3051,S68.L^F15
3052,SACS.L^E17
3053,SAFL.L^E19
3054,SAPO.L^F18
3055,SARq.L^F98
3056,SAT.L^F06
3057,SAV.L^F05
3058,SBGZq.L^F98
3059,SBRYr.L^F99
3060,SBVZq.L^E96
3061,SCA.L^E08
3062,SCCO.L^F96
3063,SCK.L^E02
3064,SCRT.L^F09
3065,SCS.L^F00
3066,SCSCS.L^K07
3067,SCVaq.L^F99
3068,SDH.L^E94
3069,SDIC.L^E11
3070,SDT.L^E03
3071,SE.L^K10
3072,SEIT.L^E12
3073,SENSS.L^F22
3074,SEPU.L^E17
3075,SER.L^K15
3076,SEROq.L^F07
3077,SESO.L^F96
3078,SGC.L^F22
3079,SGL.L^F09
3080,SGLA.L^F09
3081,SGNS.L^F23
3082,SGRS.L^K19
3083,SHAA.L^F17
3084,SHBaq.L^K07
3085,SHLF.L^E15
3086,SIB.L^E05
3087,SIFIq.L^K07
3088,SIIN.L^F13
3089,SIS.L^E94
3090,SKAbq.L^K07
3091,SKHG.L^E13
3092,SKI.L^K03
3093,SKq.L^F98
3094,SLD.L^E01
3095,SLFq.L^J08
3096,SLSx.L^F09
3097,SMENq.L^F99
3098,SMINb.L^K08
3099,SMR.L^F07
3100,SMTF.L^F11
3101,SNGT.L^K03
3102,SNLG.L^F99
3103,SOLBtq.L^F99
3104,SOR.L^F00
3105,SPD.L^E97
3106,SPF.L^E05
3107,SPG.L^F06
3108,SPGR.L^J09
3109,SPHr.L^E01
3110,SPK.L^E97
3111,SPMGr.L^K07
3112,SPRTC.L^F15
3113,SPWC.L^F07
3114,SPWD.L^F07
3115,SPWE.L^F07
3116,SPYH.L^F93
3117,SRR.L^F09
3118,SRx.L^F12
3119,SSA.L^F99
3120,SSMp.L^F00
3121,SSV.L^F12
3122,SSW.L^F99
3123,STCE.L^F09
3124,STGC.L^E12
3125,STKC.L^F10
3126,STLO.L^J19
3127,STLY.L^F92
3128,STN.L^K04
3129,STOBr.L^F08
3130,STRST.L^J19
3131,STSA.L^E05
3132,SUBR.L^F08
3133,SUE.L^E95
3134,SUF.L^E03
3135,SUM.L^F95
3136,SUMU.L^E08
3137,SUZFq.L^F97
3138,SVI.L^F17
3139,SVRr.L^E94
3140,SWAP.L^F17
3141,SWJ.L^J15
3142,SYS.L^E11
3143,T39X.L^F15
3144,TAIH.L^E17
3145,TAPe.L^E06
3146,TAU.L^J19
3147,TBZA.L^F17
3148,TCHG.L^J09
3149,TCHL.L^E91
3150,TDKCq.L^E94
3151,TEA.L^F16
3152,TECPq.L^F99
3153,TEG.L^F98
3154,TEL2bq.L^K07
3155,TEL2eu.L^E08
3156,TER.L^F99
3157,TETH.L^K17
3158,TFG.L^E04
3159,THE.L^E07
3160,TILST.L^J21
3161,TLABq.L^K07
3162,TLWr.L^E94
3163,TMR.L^G03
3164,TNLr.L^F01
3165,TNO.L^J13
3166,TPA.L^F08
3167,TPAx.L^F08
3168,TPIq.L^F07
3169,TPL.L^E17
3170,TRBO.L^E13
3171,TRITT.L^F17
3172,TRMUc.L^F08
3173,TRMUx.L^F08
3174,TRN.L^E05
3175,TROU.L^E08
3176,TRSr.L^E02
3177,TSBA.L^E15
3178,TSF.L^E02
3179,TSL.L^E08
3180,TTG.L^E01
3181,TTT.L^E05
3182,TTVL.L^G93
3183,TUNA.L^F22
3184,TUNG.L^F22
3185,TVCH.L^G14
3186,TWG.L^G05
3187,TWT.L^G08
3188,U14.L^F15
3189,U96.L^F15
3190,UBIS.L^F00
3191,UCCq.L^E99
3192,UCL.L^E06
3193,UCL.L^K08
3194,UCP.L^E16
3196,UDG.L^H21
3197,UEXU.L^F21
3198,UKS.L^E98
3199,UMGq.L^F98
3200,UNGP.L^F95
3201,UNTn.L^E94
3202,UPF.L^F99
3203,URB.L^I06
3204,URBq.L^I97
3205,USLJ.L^H96
3206,UTHq.L^F98
3207,UTXq.L^K07
3208,UUag.L^F05
3209,UVS.L^F07
3210,VAN.L^E08
3211,VEL.L^E11
3212,VELA.L
3213,VER.L^J18
3214,VMFNq.L^E98
3215,VOC.L^E05
3216,VOESq.L^K08
3217,VRP.L^J20
3218,VTI.L^F08
3219,VTRn.L^F94
3220,VWI.L^F98
3221,WAGL.L^E92
3222,WAP.L^E03
3223,WATT.L^E99
3224,WBYr.L^E98
3225,WCR.L^E98
3226,WDSA.L^F06
3227,WDSW.L^F06
3228,WEY.L^E21
3229,WFC.L^F11
3230,WGC.L^F06
3231,WGRL.L^F92
3232,WG_w.L^F02
3233,WHC.L^E99
3234,WHOG.L^E08
3235,WHSO.L^F97
3236,WHT.L^K06
3237,WHWY.L^E93
3238,WICHe.L^F07
3239,WIK.L^F94
3240,WINGq.L^K07
3241,WJO.L^E96
3242,WKT.L^E09
3243,WLFDq.L^E96
3244,WLG.L^F95
3245,WLKA.L^F06
3246,WLN.L^F05
3247,WLNA.L^F05
3248,WLRS.L^E92
3249,WMG.L^F05
3250,WMH_w.L^F02
3251,WMS.L^F05
3252,WMU.L^F98
3253,WMYLr.L^E92
3254,WNFD.L^F01
3255,WNH.L^F99
3256,WPR.L^E13
3257,WRESW.L^E22
3258,WRTS.L^F90
3259,WSNC.L^K03
3260,WSW.L^E07
3261,WTIL.L^F92
3262,WTIq.L^E98
3263,WTL.L^F04
3264,WTLL.L^E91
3265,WTMA.L^F17
3266,X.L^E91
3267,XCH.L^F16
3268,XELX.L^K16
3269,XPG.L^J08
3270,XPSA.L^E18
3271,XTA.L^E13
3272,XTL.L^J07
3273,Y92.L^F15
3274,YES.L^E00
3275,YGP.L^F04
3276,YIMB.L^E01
3277,YON.L^F01
3278,YVLL.L^E91
3279,Z74.L^F15
3280,ZEMA.L^E14
3281,ZGO.L^E99
3282,ZHEH.L^E23
3283,ZIP.L^F09
3284,ZOX.L^E17
3285,ZRL.L^F09
3286,ZRNq.L^F98
